relative_time,LinearAccelerometerSensor,AccX,AccY,AccZ
0,0.2683439502975198,,,
38,0.17691567258298008,-0.0690000057220459,8.718000411987305,4.068000316619873
78,0.23437616824812602,,,
113,0.5360682714417782,,,
114,0.3696124779944507,-0.37800002098083496,8.79900074005127,3.6820502281188965
156,0.20322237981716054,,,
189,0.36554635335057917,-0.2460000067949295,8.647950172424316,4.540950298309326
192,0.2987242748844222,,,
212,0.20704865832284455,,,
227,,,,4.43595027923584
228,,-0.04305000230669975,8.718000411987305,
232,0.15541490072707848,,,
251,0.15017746396411322,,,
273,0.11612985491074027,,,
292,0.1972812703037599,-0.13095000386238098,8.866050720214844,4.1610002517700195
312,0.06193544360092641,,,
332,0.16471223240107094,,,
352,0.16847768463461565,,,
357,,-0.3850500285625458,8.682000160217285,4.387950420379639
372,0.2155221458814234,,,
392,0.2662143900165312,,,
415,0.2285356349824319,,,
422,,-0.18900001049041748,8.803950309753418,4.069950103759766
432,0.10484913439789026,,,
453,0.3406072130721304,,,
474,0.41070113546039416,,,
487,,-0.2939999997615814,8.545949935913086,4.612950325012207
493,0.21653644281151388,,,
513,0.21537326236351564,,,
533,0.38803441282059975,,,
553,0.43195100559895167,-0.25095000863075256,8.71500015258789,3.9270002841949463
573,0.2880193730409841,,,
594,0.2179741981809893,,,
617,0.14582247920742436,,,
618,,-0.14100000262260437,8.809050559997559,4.228050231933594
633,0.21197362141928552,,,
654,0.26576305055736643,,,
673,0.16722101851507015,,,
684,,,,4.384050369262695
685,,0.08100000023841858,8.838000297546387,
693,0.3106230876180624,,,
713,0.28644620118314795,,,
734,0.33043486599551497,,,
749,,-0.361050009727478,9.177000045776367,4.342950344085693
753,0.5340052290153229,,,
773,0.8553400160545029,,,
793,1.33500875570162,,,
813,,,,5.190000057220459
814,,,10.294950485229492,
815,1.7779454145602338,-0.5790000557899475,,
833,2.43210670263467,,,
853,3.0333260574533023,,,
873,3.304115769009108,,,
878,,-0.6600000262260437,11.520000457763672,6.079950332641602
893,3.1259962401266788,,,
913,2.7705109105111334,,,
933,2.7943803114596344,,,
943,,,10.47705078125,6.142050266265869
944,,-0.3079500198364258,,
955,2.5392376179094187,,,
973,1.63047104283799,,,
993,0.7790020071721203,,,
1008,,-0.019050000235438347,8.896950721740723,3.80400013923645
1013,0.6646157596613738,,,
1034,0.9521007975862342,,,
1053,1.3522854673981761,,,
1073,,,,2.826000213623047
1074,1.6535246396646985,,7.773000240325928,
1078,,0.2650500237941742,,
1104,1.94486724782929,,,
1116,2.2424920171044853,,,
1133,2.3713526576558444,,,
1140,,-0.010950000956654549,7.368000507354736,1.2130500078201294
1153,2.5073480383940376,,,
1173,2.4719576700036834,,,
1194,2.5248411071941037,,,
1205,,0.14295001327991486,7.174050331115723,1.2439500093460083
1213,2.6832215607704386,,,
1233,2.9030762437354136,,,
1253,2.932878795721962,,,
1268,,,,0.531000018119812
1269,,,6.961050510406494,
1270,,0.30105000734329224,,
1276,3.1015880208923257,,,
1293,3.2863162212004338,,,
1313,3.451285722513819,,,
1333,,,,0.20100000500679016
1334,3.4033268976353077,0.14295001327991486,6.862950325012207,
1354,3.2857398423095416,,,
1374,3.018680585927964,,,
1393,2.7917290770733127,,,
1402,,0.44895002245903015,7.045050144195557,1.5670500993728638
1413,2.598956478222712,,,
1434,2.4615378964405146,,,
1454,2.170065146316537,,,
1463,,,,3.1300501823425293
1464,,0.8629500269889832,7.318050384521484,
1474,1.8470132043446021,,,
1494,1.6513160052452338,,,
1516,1.6196704913215416,,,
1529,,,,5.182950019836426
1530,,2.2699501514434814,7.969050407409668,
1534,1.6030276412103746,,,
1564,1.4265270216207986,,,
1577,1.3165628130713434,,,
1593,,,,6.6190505027771
1594,1.1988557645185107,2.281949996948242,8.044950485229492,
1615,1.3065146255754856,,,
1634,1.6009310338107356,,,
1654,1.9889551605724605,,,
1659,,,,7.942050457000732
1660,,2.826000213623047,8.047950744628906,
1674,2.254584939148058,,,
1694,1.9555495815053394,,,
1714,1.9478834084784213,,,
1724,,3.7849502563476562,8.1670503616333,6.808050155639648
1734,2.0538604580318727,,,
1756,2.020322073008787,,,
1774,2.1965736757700474,,,
1789,,3.5430002212524414,8.176950454711914,7.908000469207764
1794,2.215350488355033,,,
1814,2.076903478959262,,,
1834,1.8094481721883313,,,
1854,,,7.486050128936768,8.253000259399414
1855,1.7116605023598415,2.6170501708984375,,
1875,2.299319465134539,,,
1894,2.6904294216481266,,,
1916,2.8978958652023095,,,
1919,,0.973050057888031,7.105050563812256,8.941950798034668
1934,3.250222418583638,,,
1955,3.4865890789942138,,,
1974,3.4053104049649567,,,
1985,,,7.311000347137451,8.641050338745117
1986,,0.7440000176429749,,
1998,3.337098109590095,,,
2014,3.6141636116472884,,,
2035,3.9652878686376036,,,
2050,,-0.021000001579523087,6.910950183868408,8.341050148010254
2056,4.116331529038691,,,
2074,3.669053182470696,,,
2098,3.2282609879542976,,,
2115,3.0863715144261286,-0.4639500081539154,6.41295051574707,6.954000473022461
2134,2.9790440425222986,,,
2155,3.4915574292656784,,,
2175,3.77702044550195,,,
2180,,,,5.503050327301025
2181,,-1.2559500932693481,6.160050392150879,
2195,3.7386726963694765,,,
2215,3.1250744620034907,,,
2235,2.2995913266872856,,,
2245,,-0.5550000071525574,7.183950424194336,6.88200044631958
2254,1.8684053798580933,,,
2275,1.6848011334164565,,,
2295,1.953588629054345,,,
2311,,0.28395000100135803,8.461950302124023,8.662050247192383
2315,2.642715078387125,,,
2336,3.448074997938161,,,
2355,3.9736547724955376,,,
2375,,,9.285000801086426,10.135950088500977
2376,4.036645634725283,1.4329500198364258,,
2399,4.045877812485143,,,
2415,4.411946179266597,,,
2437,4.948605951851412,,,
2440,,3.007050037384033,9.064949989318848,10.521000862121582
2456,4.642080984110155,,,
2475,4.132921877244742,,,
2495,3.9008458711851444,,,
2505,,3.5430002212524414,8.368950843811035,8.194950103759766
2515,3.883413226133952,,,
2536,3.6112597280062975,,,
2555,2.7489121626291264,,,
2572,,,,5.902950286865234
2573,,2.9070000648498535,7.3470001220703125,
2575,2.5064418766839713,,,
2596,2.6821612181315326,,,
2615,3.0962069224817212,,,
2637,2.7816584426487085,3.582000255584717,6.838950157165527,6.453000068664551
2656,2.3697001904169563,,,
2676,2.14791974851558,,,
2700,2.2807452544865763,,,
2701,,,6.058950424194336,5.251950263977051
2702,,2.335050106048584,,
2715,2.3224823435922195,,,
2735,2.6169328708048805,,,
2756,2.7717784808878645,,,
2766,,2.308950185775757,6.028050422668457,3.9100501537323
2777,2.9366158311350246,,,
2796,2.979958346799033,,,
2815,3.0657340898459466,,,
2831,,1.7130000591278076,6.439950466156006,2.5819501876831055
2836,3.150307225579682,,,
2856,3.2341516389983394,,,
2876,3.3730853265758527,,,
2896,,,,1.7899501323699951
2897,3.6700094475481633,1.2990000247955322,6.2820000648498535,
2915,3.9867084925402043,,,
2936,4.245559167417523,,,
2956,4.253556950908162,,,
2963,,0.6499500274658203,5.6569504737854,1.540950059890747
2976,4.3420477076948885,,,
2996,4.182251103047308,,,
3018,3.9476731895447217,,,
3027,,1.5670500993728638,5.775000095367432,2.2900500297546387
3036,4.022333263974358,,,
3057,4.060570831007977,,,
3076,3.588395749222701,,,
3092,,2.1820499897003174,6.318000316619873,3.4050002098083496
3096,2.9664033951543414,,,
3117,2.5392390263154967,,,
3138,2.353358701167564,,,
3157,,,,5.767050266265869
3158,2.384958670236055,3.3949501514434814,6.748950481414795,
3181,2.1294299680144397,,,
3196,1.252440168889496,,,
3219,0.8181685632657932,,,
3221,,2.545950174331665,7.404000282287598,7.0759501457214355
3239,1.2861390225920213,,,
3257,1.6683961557430445,,,
3276,2.058796881655534,,,
3286,,,,8.937000274658203
3287,,2.9260501861572266,7.746000289916992,
3297,2.5682608813992274,,,
3318,2.5441873797679215,,,
3336,2.2421192331588173,,,
3352,,,,9.022950172424316
3353,,2.2680001258850098,7.617000579833984,
3358,2.334060374024169,,,
3376,2.6057734504295222,,,
3397,2.941356805433941,,,
3419,,,,10.52400016784668
3420,3.2376967617026375,2.31600022315979,6.8110504150390625,
3437,3.2700457424499194,,,
3459,3.411221297476381,,,
3477,3.4216662478241537,,,
3484,,1.7920501232147217,7.005000114440918,10.20300006866455
3499,3.235801492777204,,,
3517,3.3441487012225806,,,
3537,3.483887505748422,,,
3549,,0.906000018119812,6.9810004234313965,9.07395076751709
3557,3.492007393854273,,,
3577,3.751729439258699,,,
3597,4.26065545318406,,,
3612,,,5.983050346374512,8.985000610351562
3613,,-0.32505002617836,,
3620,4.79331057448062,,,
3637,4.539199485615811,,,
3657,4.295176999371809,,,
3677,4.00683129626681,-1.0549499988555908,5.3269500732421875,8.575950622558594
3697,3.636082381512284,,,
3718,3.225468706477377,,,
3737,2.7545574743922523,,,
3749,,-0.8869500160217285,5.4970502853393555,7.480050563812256
3758,2.307207494941262,,,
3777,2.1672991294137094,,,
3799,2.110841368569453,,,
3807,,-0.8470500111579895,5.752950191497803,6.738000392913818
3817,1.8685728544139797,,,
3840,1.4971661820045514,,,
3857,0.8567095254376754,,,
3872,,,,7.549050331115723
3873,,-0.0499500036239624,6.283950328826904,
3877,0.4650010716261872,,,
3898,0.5341341602513932,,,
3922,0.9737753194668338,,,
3938,1.082637025120433,0.612000048160553,6.676950454711914,8.55405044555664
3960,1.2315071205401042,,,
3977,1.8320556508861092,,,
3997,2.493233296874571,,,
4003,,1.9810501337051392,6.96405029296875,9.519000053405762
4017,3.3055100014875287,,,
4041,3.7251416582655628,,,
4058,3.7541742616182163,,,
4068,,,,9.598050117492676
4069,,3.0049500465393066,7.05495023727417,
4077,3.850021084814423,,,
4098,4.29573138190329,,,
4118,4.5306756017266405,,,
4133,,3.015000104904175,6.625950336456299,10.165050506591797
4140,4.489274063728199,,,
4158,4.661412596522596,,,
4180,5.126443054984235,,,
4198,5.537224425612494,3.739950180053711,6.4710001945495605,10.146000862121582
4218,5.5634464787397535,,,
4237,5.428415712116629,,,
4259,5.108964536085707,,,
4268,,,,7.923000335693359
4269,,3.5410501956939697,6.330000400543213,
4279,4.410600394901567,,,
4299,4.300754418839443,,,
4318,3.902549150195285,,,
4328,,3.3330001831054688,6.2410502433776855,7.1569504737854
4338,3.19303189619592,,,
4358,2.675168155126538,,,
4382,2.7444309719062177,,,
4396,,,,5.842950344085693
4397,,2.3449501991271973,5.7430500984191895,
4398,2.9707729474351288,,,
4419,3.0734612623497553,,,
4438,2.9466376523564395,,,
4459,2.891210053494089,2.347050189971924,6.439950466156006,5.227950096130371
4479,2.742624362153195,,,
4499,3.0899232258564306,,,
4518,3.1792233289982907,,,
4523,,2.5099501609802246,7.06695032119751,3.8710501194000244
4539,3.229191556444946,,,
4558,3.2553889272821297,,,
4578,3.3235621448237387,,,
4590,,1.5840001106262207,6.835050106048584,2.4019501209259033
4598,3.5256989996707455,,,
4619,3.822513874395525,,,
4638,3.917484820250684,,,
4653,,,,1.6939500570297241
4654,,1.0669500827789307,6.315000534057617,
4664,3.94669769444598,,,
4680,4.059814034698866,,,
4698,4.2538322673490825,,,
4720,4.2183032894282935,0.37005001306533813,6.210000514984131,1.1460000276565552
4738,4.078408183938843,,,
4763,4.111929791930978,,,
4779,4.280806692519612,,,
4785,,2.425950050354004,6.918000221252441,1.9309500455856323
4799,4.351587045487327,,,
4818,3.8691497448308723,,,
4838,2.848423732738946,,,
4851,,1.3369500637054443,6.38700008392334,4.558050155639648
4862,2.3822535124941107,,,
4878,2.3291227519672915,,,
4899,2.1397712285766746,,,
4914,,,,7.252950191497803
4915,,2.505000114440918,6.375000476837158,
4919,2.550193543662508,,,
4939,2.1751845139033943,,,
4959,1.5519397165644346,,,
4979,1.542547318089835,,7.009050369262695,7.755000591278076
4980,,2.7679500579833984,,
5000,2.0773958920537456,,,
5019,3.0391244759406004,,,
5039,3.261312895782804,,,
5044,,2.674950122833252,7.291950225830078,10.090950012207031
5061,2.741522292613357,,,
5079,2.1848311355947976,,,
5102,2.005454612239257,,,
5109,,,,8.44005012512207
5110,,3.1030502319335938,7.560000419616699,
5119,2.1840171335267895,,,
5139,2.7260117288786354,,,
5160,2.3946553084579176,,,
5174,,,,8.971050262451172
5180,1.868881414889645,2.3680500984191895,6.777000427246094,
5199,1.904021539590316,,,
5219,2.053826793644249,,,
5239,,,,9.093000411987305
5259,2.16627207855402,,,
5280,2.2924286240310416,,,
5299,2.51281372692703,,,
5304,,,6.667050361633301,9.009000778198242
5305,,1.9210500717163086,,
5319,2.6055640985294164,,,
5340,2.47123313315332,,,
5359,2.432695593502601,,,
5370,,,,8.632950782775879
5371,,1.7940000295639038,6.370050430297852,
5380,2.298575051118627,,,
5399,2.225077351286414,,,
5419,2.210873768026061,,,
5434,,0.8299500346183777,5.794050216674805,7.966050148010254
5443,1.9664549393019546,,,
5460,1.8384488724443215,,,
5480,1.8873742270091325,,,
5500,2.248636256294592,0.27900001406669617,5.647950172424316,6.60705041885376
5522,2.424461214440926,,,
5539,2.2755736707154246,,,
5559,1.9066791989285856,,,
5567,,0.3439500033855438,5.877000331878662,7.210050106048584
5581,1.5884085510846042,,,
5601,1.3190592398712784,,,
5620,1.0011976342193476,,,
5630,,0.781950056552887,6.2719502449035645,7.8100504875183105
5640,0.8556374161504188,,,
5661,0.8939968995204814,,,
5682,0.9299104887944605,,,
5695,,,6.259950160980225,8.348999977111816
5697,,0.6049500107765198,,
5700,0.9394420853122792,,,
5720,1.1927542642914137,,,
5740,1.4424781018847788,,,
5761,1.7565850613632592,2.2270500659942627,6.877950191497803,8.4660005569458
5780,1.743476151596724,,,
5800,1.8552990002532141,,,
5820,2.3521586831533376,,,
5825,,2.482950210571289,6.720000267028809,9.10200023651123
5840,2.588611430424781,,,
5860,2.584105243004121,,,
5880,3.0436990471242935,,,
5891,,2.8570501804351807,6.670050144195557,9.343950271606445
5900,3.518697116921939,,,
5920,3.9530352555895063,,,
5940,3.879399171301898,,,
5955,,3.189000129699707,6.543000221252441,8.89905071258545
5960,3.508911640288628,,,
5983,3.6485917183345697,,,
6000,4.283061291755076,,,
6020,4.849014669788313,,7.07895040512085,9.043050765991211
6021,,4.069950103759766,,
6046,5.256420024793565,,,
6064,4.766199896484312,,,
6083,3.7053338396452506,,,
6085,,3.280050039291382,6.98805046081543,7.267050266265869
6103,2.99645325494489,,,
6121,2.6891554236218886,,,
6140,2.2860250793910235,,,
6150,,,,6.397950172424316
6151,,2.373000144958496,6.4710001945495605,
6161,1.9925401562481682,,,
6184,1.9689730563279453,,,
6201,2.2033985590357767,,,
6216,,,,5.178000450134277
6217,,2.0190000534057617,6.097950458526611,
6223,2.385548705954042,,,
6241,2.469382675803924,,,
6267,2.6695707323271023,,,
6281,2.9103892393100947,2.2870500087738037,6.543000221252441,3.8929502964019775
6301,3.005899350976863,,,
6321,3.198319417006482,,,
6341,3.306416232972501,,,
6352,,1.957050085067749,6.478050231933594,2.9569501876831055
6364,3.365679551499784,,,
6381,3.473371571521328,,,
6401,3.7319548996942675,,,
6411,,1.3159500360488892,5.904000282287598,2.259000062942505
6421,3.9948313220798344,,,
6441,4.360126389587658,,,
6461,4.398791554702681,,,
6476,,,,1.5840001106262207
6477,,0.9300000667572021,6.007050514221191,
6481,4.13966421820388,,,
6503,3.961764217379844,,,
6521,3.86421857210933,,,
6541,,,,3.022050142288208
6542,3.700581767765965,2.682000160217285,6.38700008392334,
6564,3.4898746349914265,,,
6582,2.9354263453507894,,,
6602,2.4510584588427404,,,
6606,,2.625000238418579,6.820050239562988,4.963050365447998
6624,2.1009154050301544,,,
6641,1.8775036944112988,,,
6663,1.6034731748958178,,,
6672,,,,7.0759501457214355
6673,,2.9860501289367676,7.063950538635254,
6681,1.3270931948181122,,,
6703,1.6325386949425178,,,
6721,1.7350931828565261,,,
6736,,,,8.112000465393066
6738,,2.512050151824951,6.841950416564941,
6741,1.258353644116589,,,
6761,0.7903824143804783,,,
6781,1.1148711513260818,,,
6801,,,,7.993950366973877
6802,1.5137975628261071,2.9760000705718994,7.438050270080566,
6822,1.7983960555377818,,,
6841,2.0696533305362648,,,
6861,2.4649346723276,,,
6880,,,,9.339000701904297
6881,,3.748950242996216,7.588050365447998,
6882,2.8831346946898977,,,
6897,,,,9.760050773620605
6898,,3.4930500984191895,7.276950359344482,
6902,2.768167652345005,,,
6917,,2.581050157546997,7.07205057144165,9.403950691223145
6922,2.4086983845143948,,,
6937,,,,9.10004997253418
6938,,2.218050003051758,6.897000312805176,
6942,2.256673558598883,,,
6957,,2.1510000228881836,6.748950481414795,9.05505084991455
6962,2.2448383040278133,,,
6977,,1.91100013256073,6.564000129699707,9.032999992370605
6982,2.386839818303127,,,
6998,,1.8990000486373901,6.445050239562988,9.16200065612793
7006,2.543025377993723,,,
7019,,,6.390000343322754,8.968050003051758
7020,,1.8990000486373901,,
7021,2.374638379323503,,,
7044,,1.8160500526428223,6.415950298309326,8.473050117492676
7045,1.9992032848384595,,,
7057,,1.702950119972229,6.435000419616699,8.365050315856934
7062,1.955322860048956,,,
7077,,,,8.611950874328613
7078,,1.480950117111206,6.262950420379639,
7082,2.109172557017244,,,
7097,,1.1100000143051147,6.073950290679932,8.680950164794922
7102,2.166297171949136,,,
7130,,,,8.482950210571289
7131,2.0579593267175094,0.8130000233650208,5.868000507354736,
7144,2.023268762571029,0.5119500160217285,5.703000068664551,8.157000541687012
7157,,0.1860000044107437,5.562000274658203,7.789050579071045
7162,2.032655435134287,,,
7177,,-0.0880500078201294,5.499000072479248,7.288950443267822
7182,2.078737326449758,,,
7197,,0.013950000517070293,5.581050395965576,7.021050453186035
7202,1.783887282757924,,,
7217,,0.21000000834465027,5.608950138092041,6.966000556945801
7222,1.5359928093980326,,,
7237,,0.17205001413822174,5.679000377655029,6.985050201416016
7242,1.4426789906222763,,,
7258,,0.1860000044107437,5.82705020904541,7.183050155639648
7262,1.1022637482181776,,,
7278,,0.6360000371932983,6.045000076293945,7.537050247192383
7291,0.527470947749212,,,
7300,,0.7579500079154968,6.189000129699707,7.923000335693359
7303,0.5524766948151785,,,
7317,,0.7720500230789185,6.250950336456299,8.217000007629395
7322,0.6983423121230936,,,
7338,,0.5620500445365906,6.307950496673584,8.290950775146484
7342,0.8037732309926423,,,
7363,0.8443833199521034,0.5359500050544739,6.406050205230713,8.368050575256348
7387,,,,8.550000190734863
7388,,0.7219500541687012,6.502050399780273,
7389,1.017168251711003,,,
7399,,0.8850000500679016,6.556950092315674,8.77500057220459
7405,1.268356577943867,,,
7417,,1.371000051498413,6.712950229644775,8.77695083618164
7424,1.4697711722361997,,,
7437,,1.588050127029419,6.724950313568115,8.57805061340332
7442,1.4274354300785226,,,
7457,,1.7539501190185547,6.7099504470825195,8.526000022888184
7462,1.5984859783618401,,,
7477,,,,8.506950378417969
7478,,2.0429999828338623,6.6739501953125,
7482,1.8867207718674466,,,
7498,,2.4160501956939697,6.658050537109375,8.716950416564941
7503,2.382192962652231,,,
7517,,,,8.911050796508789
7518,,2.473950147628784,6.60705041885376,
7523,2.4563518124511363,,,
7537,,,,8.80305004119873
7538,,2.4760501384735107,6.592950344085693,
7546,2.5659722784303605,,,
7559,,2.8350000381469727,6.684000492095947,8.755050659179688
7563,3.047509543049542,,,
7577,,3.2749502658843994,6.906000137329102,8.973000526428223
7582,3.5353588404484917,,,
7598,,3.4549500942230225,6.844050407409668,9.031050682067871
7603,3.890460642824536,,,
7617,,,,8.860950469970703
7618,,3.7729501724243164,6.966000556945801,
7623,4.168089788908502,,,
7637,,3.727950096130371,6.916050434112549,8.925000190734863
7644,4.198578484982228,,,
7657,,,,8.911050796508789
7666,3.883747932229721,3.361950159072876,6.804000377655029,
7677,,,,8.434950828552246
7678,,3.0979502201080322,6.763050556182861,
7682,3.6296036525439725,,,
7697,,,,7.876950263977051
7698,,3.2370002269744873,6.838950157165527,
7703,3.8437178695700407,,,
7718,,3.472050189971924,6.859050273895264,7.609050273895264
7723,4.082672974005008,,,
7738,,3.498000144958496,6.892050266265869,7.333950519561768
7743,3.6450321879489738,,,
7758,,3.3570001125335693,6.885000228881836,7.07295036315918
7764,3.2564764782422007,,,
7778,,,6.8710503578186035,6.879000186920166
7779,,3.2730002403259277,,
7783,2.7861617361252797,,,
7801,,2.8180501461029053,6.76800012588501,6.586950302124023
7803,2.2612164982327285,,,
7818,,,,6.283950328826904
7819,,2.7300000190734863,6.748950481414795,
7823,2.0486548453222793,,,
7838,,2.5890002250671387,6.739050388336182,6.006000518798828
7843,1.8207492549988473,,,
7858,,2.4379501342773438,6.634050369262695,5.853000164031982
7864,1.6781843689942622,,,
7878,,2.0910000801086426,6.591000080108643,5.431950092315674
7883,1.624860244023101,,,
7898,,1.6309500932693481,6.646050453186035,5.1160502433776855
7903,1.521368489975604,,,
7918,,1.5670500993728638,6.574050426483154,5.239950180053711
7925,1.556773487581007,,,
7938,,1.855950117111206,6.825000286102295,4.933950424194336
7943,1.7346982912371516,,,
7958,,2.0910000801086426,6.9810004234313965,4.4599504470825195
7964,1.9352062553071272,,,
7978,,,,4.266000270843506
7980,,1.804050087928772,6.942000389099121,
7983,1.8852022446018246,,,
7998,,1.8349500894546509,6.889950275421143,4.168050289154053
8003,2.055492287025837,,,
8018,,1.91100013256073,6.78000020980835,3.9240002632141113
8023,2.284192212850438,,,
8039,,1.855950117111206,6.715050220489502,3.4740002155303955
8043,2.583334174207325,,,
8062,,1.6980000734329224,6.59505033493042,2.9880001544952393
8064,2.8842445682945,,,
8078,,,,2.524050235748291
8079,,1.380000114440918,6.4110002517700195,
8090,3.245191097422317,,,
8098,,,,2.0119500160217285
8099,,0.9450000524520874,6.307950496673584,
8105,3.6030127528523677,,,
8118,,0.8820000290870667,6.2820000648498535,1.6440000534057617
8123,3.843684002069326,,,
8139,,1.057050108909607,6.2910003662109375,1.5670500993728638
8143,3.8772530927326603,,,
8158,,,,1.5460500717163086
8159,,1.078950047492981,6.354000091552734,
8164,3.837325767513166,,,
8184,,1.2580500841140747,6.514050483703613,1.7730001211166382
8185,3.566340735210816,,,
8200,,1.7299500703811646,6.535950183868408,2.2680001258850098
8203,3.2719857358365085,,,
8219,,1.9930500984191895,6.4800004959106445,2.565000057220459
8224,3.268447751135743,,,
8238,,2.3519999980926514,6.504000186920166,2.533950090408325
8244,3.4219005008949197,,,
8260,,2.502000093460083,6.478050231933594,2.871000051498413
8263,3.1551457352388184,,,
8278,,,,3.490950107574463
8279,,2.5219500064849854,6.511950492858887,
8284,2.740850312770057,,,
8300,,,,4.171050071716309
8301,,2.7109501361846924,6.550050258636475,
8315,2.4118043281934534,,,
8330,2.0139437028579645,3.022050142288208,6.555000305175781,5.130000114440918
8340,,,,6.007950305938721
8341,,3.204000234603882,6.415950298309326,
8344,1.6549372959071287,,,
8358,,,,7.056000232696533
8359,,3.040950059890747,6.487950325012207,
8363,1.5338083032595928,,,
8379,,3.2779500484466553,6.4800004959106445,8.674050331115723
8384,2.811531917536708,,,
8399,,3.3040502071380615,6.664950370788574,8.619000434875488
8404,2.1960226519029575,,,
8419,,,,7.159050464630127
8420,,4.024050235748291,7.311000347137451,
8424,1.7100991760182325,,,
8439,,4.192049980163574,7.597950458526611,6.183000087738037
8443,1.6738093229326132,,,
8460,,3.9529502391815186,7.330050468444824,6.750000476837158
8464,1.197542391924621,,,
8479,,3.8110501766204834,6.993000507354736,7.710000514984131
8484,1.519684693108174,,,
8499,,3.44100022315979,6.732000350952148,8.413050651550293
8504,1.7166552175985714,,,
8519,,2.902050256729126,6.516000270843506,7.747950553894043
8524,0.8679493487341751,,,
8539,,2.5480501651763916,6.95205020904541,6.874950408935547
8544,0.9584730537121168,,,
8559,,,,7.231050491333008
8560,,3.2539501190185547,7.408950328826904,
8569,1.4307943759977249,,,
8585,2.406363348334782,4.003050327301025,7.552950382232666,8.361000061035156
8599,,4.567950248718262,7.749000549316406,8.868000030517578
8606,2.8102840594957925,,,
8620,,4.6870503425598145,7.792050361633301,8.569050788879395
8626,2.6497995480712304,,,
8639,,,,8.17905044555664
8640,,4.486050128936768,7.722000598907471,
8645,2.193440355146055,,,
8662,,3.7039501667022705,7.383000373840332,7.981950283050537
8664,1.8492469956271882,,,
8681,,3.117000102996826,7.021050453186035,8.059050559997559
8684,1.8703416814097114,,,
8700,,2.826000213623047,6.684000492095947,8.248050689697266
8704,2.0282772906336537,,,
8719,,,,8.398950576782227
8720,,2.7150001525878906,6.4110002517700195,
8724,2.138308643169781,,,
8740,,2.565000057220459,6.4609503746032715,8.334000587463379
8745,2.221910616432297,,,
8760,,2.4790501594543457,6.567000389099121,8.072999954223633
8764,2.036782813665096,,,
8779,,2.413950204849243,6.579000473022461,7.999050617218018
8785,1.8822778599592822,,,
8799,,,,8.136000633239746
8800,,2.4760501384735107,6.49500036239624,
8804,1.8103493394466608,,,
8819,,,,8.341050148010254
8820,,2.365950107574463,6.373050212860107,
8825,2.0347779374492503,,,
8840,,2.2540500164031982,6.270000457763672,8.533050537109375
8847,2.2926663616890504,,,
8860,,1.7220001220703125,6.0259504318237305,8.499000549316406
8864,2.397666384718113,,,
8879,,,,8.21505069732666
8880,,1.1740500926971436,5.940000057220459,
8886,2.297496685569456,,,
8900,,1.2960000038146973,6.000000476837158,7.82205057144165
8904,1.8015649376990839,,,
8919,,,,7.695000171661377
8920,,1.440000057220459,6.064050197601318,
8924,1.4977049754479168,,,
8940,,1.3510500192642212,6.034950256347656,7.4509501457214355
8945,1.4240244454042945,,,
8960,,1.1530500650405884,6.0520501136779785,7.116000175476074
8965,1.4365667547959988,,,
8981,,1.0909500122070312,6.12600040435791,7.000950336456299
8986,1.3508116560382526,,,
8999,,,,7.087950229644775
9000,,1.1050500869750977,6.226950168609619,
9004,1.1210226109493258,,,
9021,,1.4520000219345093,6.3919501304626465,7.458000183105469
9025,0.7101218606576957,,,
9039,,,,7.755000591278076
9040,,1.8660000562667847,6.564000129699707,
9045,0.6720234241220621,,,
9060,,1.9399501085281372,6.624000549316406,7.687950134277344
9065,0.5268662162582542,,,
9080,,1.7770501375198364,6.58305025100708,7.387050151824951
9085,0.38682414073381466,,,
9100,,,,7.201950550079346
9101,,1.665000081062317,6.543000221252441,
9105,0.33855685664602536,,,
9120,,1.5070500373840332,6.442050457000732,7.425000190734863
9125,0.3544615635110184,,,
9139,,,,7.755000591278076
9140,,1.7010000944137573,6.402000427246094,
9145,0.5149651842941229,,,
9160,,1.966050148010254,6.403950214385986,7.930050373077393
9165,0.6656952028460124,,,
9181,,,,7.944000244140625
9182,,2.3400001525878906,6.516000270843506,
9188,1.0667816172192766,,,
9205,,3.0859501361846924,6.756000518798828,7.935000419616699
9206,1.6709657139391083,,,
9230,2.01058578438738,3.5220000743865967,6.829950332641602,7.852950572967529
9240,,3.3259501457214355,6.712950229644775,7.884000301361084
9246,1.8235054010008438,,,
9260,,3.283050060272217,6.628950119018555,8.064000129699707
9265,2.0515041276191543,,,
9281,,3.61995005607605,6.676950454711914,8.113950729370117
9285,2.4177819890136756,,,
9303,,3.7830002307891846,6.757950305938721,7.968000411987305
9305,2.5584412973426307,,,
9320,,,,7.891950607299805
9321,,3.6850502490997314,6.648000240325928,
9325,2.5087884922999546,,,
9341,,3.570000171661377,6.600000381469727,7.779000282287598
9345,2.2416484330959032,,,
9360,,,,7.470000267028809
9361,,3.7849502563476562,6.724950313568115,
9367,2.2716855774295475,,,
9380,,4.126950263977051,6.96405029296875,7.147050380706787
9385,2.708260481417007,,,
9400,,,7.222050189971924,6.95805025100708
9401,,4.374000072479248,,
9405,2.9635092002194217,,,
9420,,,,6.963000297546387
9421,,4.32105016708374,7.1860504150390625,
9425,2.858381922302392,,,
9442,,,,7.368000507354736
9443,,3.9840002059936523,7.146000385284424,
9445,2.6728547737010304,,,
9460,,,,7.8409504890441895
9461,,3.7729501724243164,7.0909504890441895,
9465,2.810872518351305,,,
9481,,3.8929502964019775,7.123950481414795,8.325000762939453
9485,3.240863281435976,,,
9502,,,,8.224050521850586
9503,,4.0410003662109375,7.07895040512085,
9505,3.31085984992748,,,
9521,,4.012050151824951,7.102950572967529,7.4509501457214355
9525,2.978242014840702,,,
9540,,,,6.754950523376465
9541,,3.547950267791748,7.038000106811523,
9545,2.2963606070271507,,,
9560,,,,6.250050067901611
9561,,3.3640501499176025,7.04295015335083,
9569,1.9836071060530314,,,
9582,,3.2850000858306885,7.048050403594971,6.207000255584717
9586,1.8416056043188294,,,
9600,,,,6.41295051574707
9601,,3.385050058364868,7.062000274658203,
9605,1.8045209006824376,,,
9621,,3.022050142288208,6.799050331115723,6.403050422668457
9634,1.5258638280505012,,,
9645,,2.6580002307891846,6.556950092315674,6.20205020904541
9646,1.452419232668773,,,
9660,,,6.4830002784729,5.692050457000732
9661,,2.4790501594543457,,
9665,1.39806292754617,,,
9681,,,,5.145000457763672
9683,,2.31600022315979,6.492000102996826,
9686,1.6220290829300723,,,
9702,,2.4019501209259033,6.50700044631958,4.503000259399414
9708,1.9827963489448834,,,
9721,,2.4979500770568848,6.588000297546387,4.02495002746582
9727,2.255979856766399,,,
9749,2.5234911650156633,2.6010000705718994,6.612000465393066,3.67995023727417
9761,,2.3490002155303955,6.49500036239624,3.3859500885009766
9766,2.660861511399855,,,
9782,,2.2080001831054688,6.504000186920166,2.9790000915527344
9786,2.9812434678236057,,,
9801,,2.3490002155303955,6.427950382232666,2.54295015335083
9807,3.3957263172972088,,,
9824,,2.1630001068115234,6.23205041885376,2.1510000228881836
9827,3.718190383477318,,,
9841,,1.6390501260757446,6.000000476837158,1.7869501113891602
9849,4.043490964915046,,,
9861,,1.284000039100647,5.9350504875183105,1.6170001029968262
9866,4.160077390684502,,,
9881,,,,1.6219500303268433
9882,,0.9040500521659851,5.635950088500977,
9886,4.319484638273784,,,
9901,,,,1.7710500955581665
9902,,0.7890000343322754,5.608950138092041,
9906,4.2659885125843875,,,
9921,,0.7410000562667847,5.602050304412842,1.8379501104354858
9926,4.2081735914272755,,,
9941,,1.2679500579833984,5.9730000495910645,2.0429999828338623
9946,3.6916355283872058,,,
9961,,,,2.634000062942505
9962,,2.116950035095215,6.349050521850586,
9966,3.169686299876381,,,
9982,,2.6389501094818115,6.652950286865234,3.0960001945495605
9986,2.9389732400014017,,,
10002,,3.0240001678466797,6.765000343322754,3.4459502696990967
10007,2.8225357718350663,,,
10022,,3.2539501190185547,6.8610005378723145,3.9340500831604004
10026,2.535300416770681,,,
10041,,3.2850000858306885,6.829950332641602,4.683000087738037
10047,1.8774217860036233,,,
10061,,2.9860501289367676,6.816000461578369,5.428950309753418
10067,1.0735241673116278,,,
10081,,2.517000198364258,6.813000202178955,6.247950077056885
10086,0.48379737498811926,,,
10101,,,,7.201950550079346
10102,,,6.994950294494629,
10103,,2.5500001907348633,,
10106,1.0096264269158568,,,
10123,,2.932950258255005,7.1700005531311035,7.789050579071045
10126,1.4258377691066524,,,
10144,,3.2509500980377197,7.336950302124023,7.79295015335083
10155,1.4875395921839591,,,
10167,1.5195182270188243,3.3540000915527344,7.3470001220703125,7.80495023727417
10181,,,7.315950393676758,7.903950214385986
10183,,3.169950246810913,,
10187,1.4243288768684013,,,
10201,,,7.335000514984131,8.076000213623047
10202,,3.139050245285034,,
10207,1.6937956462494708,,,
10222,,3.1680002212524414,7.218000411987305,8.17199993133545
10226,1.584473032429655,,,
10241,,3.6220502853393555,7.3969502449035645,7.852950572967529
10249,1.6706625561786652,,,
10263,,4.084050178527832,7.579050540924072,8.039999961853027
10273,2.128009348232129,,,
10281,,,,8.326950073242188
10282,,4.189050197601318,7.560000419616699,
10288,2.2139982463206,,,
10307,2.087119692577553,3.7609500885009766,7.323000431060791,8.569050788879395
10327,1.8848327940994252,3.4140002727508545,7.141050338745117,8.506950378417969
10346,,,,8.080950736999512
10347,1.5211274459233628,3.2179501056671143,7.050000190734863,
10367,1.3289937936337968,3.061950206756592,6.9970502853393555,7.759950160980225
10387,1.206304831568053,2.9190001487731934,6.89400053024292,7.654950141906738
10406,,,,7.695000171661377
10407,1.0775072843655016,2.9449501037597656,6.732000350952148,
10427,0.9849539371312059,2.743950128555298,6.502050399780273,7.702950477600098
10447,1.0338574016273807,2.328000068664551,6.279000282287598,7.597050189971924
10467,,,,7.6020002365112305
10468,1.1520866495168647,2.0239500999450684,6.064050197601318,
10489,1.1927129365035383,,5.988000392913818,7.588050365447998
10490,,1.8490500450134277,,
10508,1.0552775110211667,1.8439500331878662,5.937000274658203,7.345950126647949
10527,1.1135298601933565,1.702950119972229,5.848950386047363,7.183050155639648
10547,1.1225891772829268,1.609950065612793,6.064050197601318,7.15500020980835
10567,0.9458622870585929,1.7299500703811646,6.1810503005981445,7.31505012512207
10587,1.005337715058007,1.6120500564575195,6.283950328826904,7.42995023727417
10607,,,6.277050495147705,7.521000385284424
10608,1.0780414604218562,1.4329500198364258,,
10627,1.2739693402833503,1.1620500087738037,6.390000343322754,7.747950553894043
10647,,,6.3349504470825195,8.002050399780273
10648,1.382799654971017,0.9520500302314758,,
10669,,,,8.248050689697266
10670,1.5997858380993386,0.583050012588501,6.20805025100708,
10689,,,,8.1670503616333
10690,1.7091839308713823,0.17205001413822174,6.157050132751465,
10707,1.6754785366567622,-0.05205000191926956,6.2410502433776855,8.064000129699707
10729,1.5744355386117053,-0.009000000543892384,6.313050270080566,8.361000061035156
10747,,,,8.884950637817383
10748,1.4844404507311728,0.6100500226020813,6.378000259399414,
10767,,,,9.238950729370117
10768,1.645803580035299,1.3320000171661377,6.490050315856934,
10787,,,,9.622050285339355
10788,2.099109224586268,1.8780001401901245,6.552000522613525,
10807,,,,9.805950164794922
10808,2.501246237077604,2.4090001583099365,6.672000408172607,
10829,,,6.850950241088867,9.177000045776367
10830,2.416894825217036,2.950050115585327,,
10848,3.0019640850991367,3.268050193786621,7.036050319671631,9.568950653076172
10867,,,,8.723999977111816
10869,2.778577828163513,3.61995005607605,6.667050361633301,
10888,3.5229123690575377,4.249050140380859,7.384950160980225,8.688000679016113
10907,,,,8.860950469970703
10908,4.028917451006706,4.703999996185303,7.521000385284424,
10928,4.028287997029472,4.783050060272217,7.710000514984131,8.47095012664795
10948,3.512319545250924,4.410000324249268,7.7560505867004395,7.687950134277344
10968,3.1326464373556506,4.144050121307373,7.519050121307373,6.829050540924072
10988,2.85287871619165,4.144050121307373,7.474050521850586,6.106050491333008
11008,2.5858260300689184,4.14900016784668,7.359000205993652,5.908050060272217
11028,,,,5.986950397491455
11029,2.254079088165623,4.0219502449035645,6.9810004234313965,
11048,1.76885609662402,3.5190000534057617,6.68595027923584,5.709000110626221
11068,,,6.375000476837158,5.058000087738037
11069,1.967679050349504,3.4930500984191895,,
11088,,,,4.065000057220459
11089,2.4005438784415083,3.0769500732421875,6.22005033493042,
11109,2.7762315027959574,,5.925000190734863,3.6660001277923584
11129,2.8623834844472067,3.0360002517700195,6.069000244140625,3.4069502353668213
11148,2.7249358388364207,3.2179501056671143,6.279000282287598,3.450000047683716
11168,,,,3.7230002880096436
11169,2.428363696999188,3.366000175476074,6.547050476074219,
11188,2.6400773422876265,3.6130502223968506,6.889950275421143,3.280050039291382
11208,2.622443634678433,3.6319501399993896,6.94005012512207,3.264000177383423
11228,,,,3.3520500659942627
11229,2.6319252579346726,3.5340001583099365,6.6910505294799805,
11248,,,,3.5629501342773438
11249,3.005996433278783,3.301950216293335,5.818050384521484,
11268,4.590018281256146,,4.234050273895264,3.204000234603882
11269,,3.61995005607605,,
11290,,,,2.1630001068115234
11291,7.3209367646705354,5.131950378417969,2.1450002193450928,
11318,10.00086361016981,5.488950252532959,0.17505000531673431,0.016950000077486038
11328,10.363323949214712,4.045950412750244,0.5820000171661377,-1.8510000705718994
11348,,,,-0.8970000147819519
11349,9.271913706946506,4.819050312042236,1.4170501232147217,
11368,8.021957781029828,6.267000198364258,2.700000047683716,0.4350000321865082
11388,7.432932757659174,7.369950294494629,3.942000150680542,1.0740000009536743
11412,,,5.028000354766846,2.3179500102996826
11413,5.374394582319468,7.255050182342529,,
11428,,,,2.893050193786621
11429,3.5027207290181104,6.355050086975098,5.83905029296875,
11449,0.8461678793883887,5.11305046081543,6.375000476837158,5.551050186157227
11469,2.4285675116916132,4.2709503173828125,7.005000114440918,7.786050319671631
11489,,,8.128950119018555,10.780050277709961
11490,5.580602613881195,5.142000198364258,,
11513,8.009481057109706,6.252000331878662,9.787050247192383,12.586050987243652
11528,,,,12.394950866699219
11529,8.373525461232106,4.666050434112549,10.773000717163086,
11553,9.459141454469536,3.1410000324249268,11.407050132751465,12.868950843811035
11569,10.068253856442707,2.7679500579833984,12.475050926208496,12.631950378417969
11589,,,13.558950424194336,12.381000518798828
11590,10.789855176574212,2.1670501232147217,,
11609,12.297855246031471,0.5590500235557556,13.867051124572754,13.612950325012207
11629,13.418036412675105,-0.32505002617836,14.164051055908203,14.611050605773926
11649,13.214437877117707,-0.24105000495910645,14.04900074005127,14.628000259399414
11669,12.831576404609986,0.49500003457069397,13.812000274658203,14.860051155090332
11689,,,,14.233050346374512
11691,11.252848285809998,2.6509501934051514,13.171051025390625,
11715,,,12.22095012664795,13.294950485229492
11716,9.64336911411638,4.785000324249268,,
11729,6.85246940708951,5.008050441741943,10.302000045776367,11.212950706481934
11749,4.320014708811833,4.981950283050537,8.682000160217285,9.05505084991455
11769,2.7317964439294657,4.261050224304199,6.889950275421143,7.444050312042236
11790,3.0788904777690096,3.664950132369995,5.272050380706787,6.883950233459473
11809,3.995804255077751,4.35705041885376,4.176000118255615,5.767050266265869
11829,4.604989969281964,5.898000240325928,3.8770501613616943,5.419950485229492
11849,5.884957498738872,6.256950378417969,2.8620002269744873,4.254000186920166
11869,,,,2.3519999980926514
11870,6.7408164388453,6.168000221252441,2.428950071334839,
11890,,,,0.909000039100647
11891,8.000204083700575,5.896050453186035,1.5390000343322754,
11911,,,,-0.45900002121925354
11913,9.106033471333975,6.343050479888916,1.180050015449524,
11929,9.819231773518247,6.6160502433776855,0.8620500564575195,-1.1569499969482422
11949,9.886116048648415,5.485950469970703,0.6349500417709351,-1.6140000820159912
11970,10.208740932086435,4.843050003051758,0.5989500284194946,-2.410950183868408
11989,,,,-3.2989501953125
11992,,,0.8550000190734863,
11993,10.423350720107955,3.973950147628784,,
12010,10.00604523086466,,1.3840500116348267,-3.3450002670288086
12012,,3.550950050354004,,
12029,,,,-3.1030502319335938
12030,9.266228127108315,4.24500036239624,2.212050199508667,
12049,8.494697263104605,5.48205041885376,2.9509501457214355,-2.5000500679016113
12071,,,,-0.906000018119812
12072,7.023122201192349,6.630000114440918,4.000950336456299,
12097,4.936058510036318,7.413000583648682,5.047050476074219,1.0530000925064087
12109,3.013627888228083,6.216000080108643,5.683950424194336,2.4790501594543457
12129,,,,3.0480000972747803
12130,1.7583605102801156,5.295000076293945,6.313050270080566,
12149,,,6.9970502853393555,3.1110000610351562
12150,1.2473188255712777,5.44605016708374,,
12169,,,,4.361999988555908
12170,0.15286292351943154,5.3020501136779785,6.913950443267822,
12189,,,,5.575050354003906
12190,1.1885967711040064,4.941000461578369,7.45395040512085,
12210,3.8382556382560673,,8.47095012664795,7.594950199127197
12211,,3.634050130844116,,
12229,,,,10.80405044555664
12230,6.759946488388714,4.278000354766846,9.430950164794922,
12253,9.08204553090275,4.71405029296875,10.279950141906738,13.02405071258545
12269,9.836283440600322,3.7350001335144043,11.209050178527832,13.051050186157227
12290,,,,11.629050254821777
12291,9.818741483824283,2.1889500617980957,11.998950958251953,
12310,11.026986051805759,0.9300000667572021,12.939001083374023,11.578950881958008
12332,,,,11.938050270080566
12333,11.694199544155026,0.5809500217437744,13.297950744628906,
12353,11.783601804387953,0.4020000100135803,13.623001098632812,11.51400089263916
12371,11.843556747269009,0.6840000152587891,13.473000526428223,12.06705093383789
12390,11.43973173453832,1.01895010471344,12.901050567626953,12.357000350952148
12410,10.956107567461409,1.15500009059906,12.160950660705566,12.531000137329102
12431,10.361528958055988,1.4710500240325928,11.524950981140137,12.541050910949707
12450,,,11.118000984191895,11.854050636291504
12451,9.12297767281343,2.464050054550171,,
12472,7.160934580753005,3.7300500869750977,10.608000755310059,10.32300090789795
12491,5.354231342959117,5.104050159454346,9.8860502243042,8.968050003051758
12510,,,,7.600050449371338
12511,3.5550023201506993,5.122950077056885,8.766000747680664,
12530,2.299462035746429,4.3309502601623535,7.44195032119751,6.604050159454346
12550,2.178319358090103,3.2539501190185547,6.1840500831604,5.773950099945068
12570,2.6224479076641094,3.20805025100708,5.422950267791748,5.254950046539307
12590,2.8891761241663056,5.038950443267822,5.104950428009033,4.441050052642822
12610,4.284200723499472,6.195000171661377,4.678950309753418,2.5309500694274902
12630,5.891561661377605,6.223050117492676,3.954000234603882,0.5500500202178955
12650,7.143908123625932,5.460000038146973,3.2760002613067627,-0.9850500226020813
12671,7.832817818202114,4.855050086975098,2.587050199508667,-1.3819500207901
12696,8.11927523305243,5.404950141906738,2.0490000247955322,-0.8940000534057617
12710,7.9196119217246155,5.2230000495910645,1.6680001020431519,0.08595000207424164
12731,8.07446631212156,5.182950019836426,1.3759500980377197,0.30105000734329224
12751,8.531923372292091,4.960050106048584,1.3120501041412354,-0.6840000152587891
12771,8.793478925115208,4.483950138092041,1.489050030708313,-1.5979501008987427
12791,8.592134968981535,4.282950401306152,2.0779500007629395,-2.074050188064575
12813,7.438606500461035,5.070000171661377,3.274050235748291,-1.5589500665664673
12831,6.097322170140297,5.94795036315918,4.176000118255615,-0.322050005197525
12850,,,,1.1290500164031982
12852,4.852553900567221,6.877050399780273,5.152050018310547,
12870,,,,2.4240000247955322
12871,3.195658993763093,7.150050163269043,6.355950355529785,
12890,,,,3.649050235748291
12891,1.1526917530170195,5.995950222015381,7.219950199127197,
12910,1.374020704579838,5.611050128936768,8.317950248718262,4.89300012588501
12931,2.8451509483263284,4.953000068664551,9.070050239562988,6.303000450134277
12951,4.449328065354846,4.417050361633301,9.844950675964355,7.546950340270996
12971,4.888314673388911,4.342950344085693,10.342950820922852,7.498950481414795
12990,,,,7.606950283050537
12991,5.3283898967325545,3.547950267791748,10.357050895690918,
13011,6.682260332358659,1.6270500421524048,10.699050903320312,7.669050216674805
13031,8.760782628045247,-0.33195000886917114,11.142000198364258,8.563950538635254
13051,10.730671383916729,-1.2679500579833984,11.818950653076172,10.347000122070312
13071,12.171876880415452,-1.287000060081482,12.81705093383789,11.836950302124023
13092,,,,12.622050285339355
13093,12.745568795694496,-0.8350500464439392,13.4010009765625,
13117,12.94700501910939,-0.625950038433075,13.561050415039062,12.984000205993652
13132,12.171878134025592,-0.7030500173568726,13.150050163269043,12.133950233459473
13151,11.693414018005365,-0.37005001306533813,12.669000625610352,12.2160005569458
13171,,,,12.297000885009766
13172,11.068240642836349,-0.0880500078201294,11.86500072479248,
13191,10.056304351109727,0.9970500469207764,11.415000915527344,12.094050407409668
13212,8.3935132729672,2.4499502182006836,11.010000228881836,11.067000389099121
13231,6.4664293632356955,3.6850502490997314,10.48905086517334,9.523950576782227
13251,4.458281305787925,,9.748950004577637,7.803000450134277
13252,,4.672950267791748,,
13275,2.4991117806898537,,8.809050559997559,6.106050491333008
13276,,5.137050151824951,,
13291,1.2317443532967207,,7.5360002517700195,5.293050289154053
13292,,4.5169501304626465,,
13311,,,6.598050117492676,5.251950263977051
13312,1.5273629501970125,4.504950046539307,,
13331,2.058210594234644,4.969950199127197,5.724000453948975,4.537050247192383
13351,,,,2.9980502128601074
13352,3.183873226325677,5.530050277709961,5.052000045776367,
13372,4.734565353343748,5.946000099182129,4.462950229644775,1.1770501136779785
13391,,,,-0.9250500202178955
13392,6.546865385863317,5.287950038909912,3.6280500888824463,
13411,7.407359623578268,4.3090500831604,2.9410500526428223,-1.588050127029419
13431,,,,-1.324950098991394
13432,7.5124936629029015,4.351950168609619,2.608950138092041,
13451,,,2.230950117111206,-1.4350500106811523
13452,7.917141495234653,4.527000427246094,,
13471,8.313850006387591,4.099050045013428,1.9200000762939453,-1.7130000591278076
13492,8.921691999546141,3.5269501209259033,1.6300500631332397,-2.335050106048584
13512,8.82951800403588,3.318000078201294,1.9240500926971436,-2.5380001068115234
13532,8.314436378668242,3.807000160217285,2.4340500831604004,-2.385000228881836
13553,7.42735406311738,4.837950229644775,3.5059502124786377,-2.155050039291382
13572,6.723052594450243,5.692050457000732,4.438950061798096,-1.8390001058578491
13592,5.598822994518597,5.781000137329102,5.277000427246094,-0.9850500226020813
13611,,,,0.5020500421524048
13613,4.0481650163240195,5.967000484466553,6.081000328063965,
13631,,,,2.8399500846862793
13632,1.4332562706805327,4.98900032043457,6.708000183105469,
13652,1.9704668340052809,,7.858950138092041,6.082950115203857
13653,,4.177950382232666,,
13672,4.948905808476443,3.718050241470337,9.442950248718262,8.5420503616333
13693,6.298535300848536,3.4240500926971436,10.996050834655762,8.830050468444824
13711,,,,7.855950355529785
13712,6.715180624366786,2.686950206756592,11.770950317382812,
13734,8.014912534582752,,12.135000228881836,7.978050231933594
13735,,1.0830000638961792,,
13752,9.62502298723919,0.3439500033855438,12.652050971984863,9.466050148010254
13772,,,13.003951072692871,10.855950355529785
13773,10.778351767375616,0.19095000624656677,,
13792,,,,11.494950294494629
13793,11.312592732592123,0.226950004696846,13.201951026916504,
13813,11.453526009777104,0.32295000553131104,13.296000480651855,11.66295051574707
13832,11.202913205154566,0.6460500359535217,13.255050659179688,11.548050880432129
13853,10.48808629939861,,12.958050727844238,10.894950866699219
13854,,0.8320500254631042,,
13872,10.004226935630252,0.5550000071525574,12.598950386047363,10.37505054473877
13892,9.611870864896048,1.078950047492981,12.369000434875488,10.633950233459473
13912,8.340320353770329,2.3899500370025635,12.073050498962402,10.036050796508789
13932,7.366662954384169,3.366000175476074,11.754000663757324,9.580950736999512
13952,5.686126878587439,4.474050045013428,11.167950630187988,8.19795036315918
13973,,,10.450050354003906,7.228950500488281
13974,4.364547450146473,5.38800048828125,,
13993,2.957319238060995,5.11305046081543,9.241950035095215,6.645000457763672
14013,2.5273101662905844,4.300050258636475,7.939950466156006,6.927000522613525
14033,,,6.8710503578186035,7.309950351715088
14034,3.003341879739008,4.008000373840332,,
14052,,,,6.528000354766846
14053,2.5417575090360627,4.732950210571289,6.070950508117676,
14072,,,,4.222949981689453
14074,2.579667248522209,5.281050205230713,5.44005012512207,
14094,4.7632212095275985,5.881050109863281,4.786050319671631,0.9859500527381897
14112,,,,-2.442000150680542
14113,7.789937390135837,5.761950492858887,3.879000186920166,
14132,,,,-3.706050157546997
14133,9.255221980651399,5.058000087738037,2.889000177383423,
14152,,,,-3.052950143814087
14153,9.227336440867903,4.186950206756592,2.1040501594543457,
14179,8.33286950410021,3.9529502391815186,1.5420000553131104,-0.9970500469207764
14192,8.537588147536347,3.8020501136779785,1.0320000648498535,-0.5539500117301941
14212,,,,-1.224000096321106
14213,9.007843838030917,3.2850000858306885,0.9030000567436218,
14232,,,,-2.0190000534057617
14233,9.189525147499376,3.0049500465393066,1.2709500789642334,
14254,8.912406212525903,3.289950132369995,2.0299501419067383,-2.490000009536743
14273,8.081229286727853,3.9619503021240234,2.877000093460083,-2.1790502071380615
14293,,,,-0.5470499992370605
14294,6.267294188118959,4.8670501708984375,3.871950149536133,
14312,,,,0.697950005531311
14313,4.744273699373837,5.1160502433776855,4.89900016784668,
14333,2.936614369746904,4.668000221252441,5.875050067901611,2.2300500869750977
14353,1.0267981179003525,4.0410003662109375,7.050000190734863,3.8430001735687256
14373,1.3638794906216438,3.736950159072876,8.413949966430664,4.933950424194336
14393,3.094933947966087,3.2850000858306885,9.607950210571289,6.027000427246094
14414,4.044231007665039,3.4960501194000244,10.558050155639648,5.980050086975098
14433,5.37122070162468,3.061950206756592,11.716050148010254,5.257050037384033
14453,,,,5.539050102233887
14454,6.550161042308485,1.7179501056671143,12.054000854492188,
14474,8.374644713196233,0.4020000100135803,12.417000770568848,8.22195053100586
14493,10.91613880851725,-0.46905001997947693,13.09695053100586,11.395051002502441
14515,,,,14.03895092010498
14516,12.868252365621078,0.3630000054836273,14.092050552368164,
14534,13.108964115655626,1.537950038909912,14.836950302124023,14.199000358581543
14553,,,14.749950408935547,12.517050743103027
14554,12.252361459250416,0.89205002784729,,
14576,11.19041021418423,0.583050012588501,14.155050277709961,11.176950454711914
14600,10.442613639624174,1.2510000467300415,13.4010009765625,11.50005054473877
14616,9.9787593325715,1.1980500221252441,12.517951011657715,11.904000282287598
14633,9.08732036848554,1.5070500373840332,11.577000617980957,11.826000213623047
14653,7.79735592752115,2.3400001525878906,10.930950164794922,11.12700080871582
14674,6.080476203138501,3.4170000553131104,10.279950141906738,9.861000061035156
14693,4.223107919877219,4.089000225067139,9.594000816345215,8.217000007629395
14713,1.899712342521684,4.2330002784729,8.67495059967041,5.974950313568115
14733,0.6456521892823335,3.6030001640319824,7.617000579833984,4.647000312805176
14753,,,,4.692000389099121
14754,1.503206005808398,3.139050245285034,6.576000213623047,
14773,2.309279699772422,,5.716950416564941,4.777950286865234
14774,,3.5410501956939697,,
14793,,,,4.14900016784668
14794,3.1859358895575105,3.9619503021240234,4.963050365447998,
14814,,,,2.2159500122070312
14815,4.304733137660755,4.405050277709961,4.408050060272217,
14839,5.926327443207246,4.7659502029418945,4.132950305938721,-0.2580000162124634
14863,7.719874002881221,4.575000286102295,3.6690001487731934,-2.4589500427246094
14874,9.457286984099055,3.5190000534057617,2.7910501956939697,-4.165050029754639
14894,9.80804069901403,2.6989500522613525,2.16795015335083,-4.089000225067139
14914,9.474456175645056,2.6200501918792725,1.6210501194000244,-3.0049500465393066
14934,9.265200111463797,,1.4389500617980957,-2.39205002784729
14935,,2.4910500049591064,,
14954,8.855604873236974,2.4880502223968506,1.6210501194000244,-1.927950143814087
14974,8.006554779278897,2.920950174331665,2.2669501304626465,-1.4179500341415405
14995,,,,-1.8780001401901245
14996,7.711013685350588,3.6250500679016113,3.0180001258850098,
15014,6.987285784063353,,3.979950189590454,-1.7839500904083252
15015,,4.126950263977051,,
15034,6.53265628550372,4.998000144958496,5.0209503173828125,-1.7959500551223755
15054,5.585020958460703,5.283000469207764,5.842050075531006,-0.9679500460624695
15074,4.030902699732038,4.869000434875488,6.532950401306152,0.5070000290870667
15096,,,,2.731950044631958
15097,1.8104769498784732,4.120050430297852,7.1670002937316895,
15123,1.3079822534937973,4.113000392913818,8.269950866699219,5.592000484466553
15134,3.25980716813702,4.651050090789795,9.508050918579102,7.123050212860107
15156,4.392123906595609,4.044000148773193,10.23705005645752,7.8100504875183105
15175,5.991906747619489,2.3830502033233643,10.86405086517334,8.607000350952148
15195,8.173085810453665,1.1069999933242798,11.821050643920898,9.949050903320312
15214,9.26061567529648,0.5860500335693359,12.685050964355469,10.110000610351562
15234,10.37160427180378,0.8749500513076782,14.07300090789795,10.306050300598145
15254,11.518113839128905,1.194000005722046,15.105000495910645,11.056950569152832
15274,11.870867522112235,1.8439500331878662,15.655050277709961,11.200950622558594
15294,,,,11.359050750732422
15295,11.568772053092163,2.2540500164031982,15.327000617980957,
15314,10.92024692521716,2.104950189590454,14.170950889587402,11.835000991821289
15334,10.138455715825652,,,
15339,,1.1770501136779785,12.292950630187988,11.950050354003906
15359,9.083853983758337,0.700950026512146,11.359950065612793,10.983000755310059
15374,8.077242834447942,,,
15383,,1.1500500440597534,11.080050468444824,10.222050666809082
15395,6.901363801935104,,,
15399,,3.037950038909912,11.07705020904541,9.660000801086426
15414,5.847091943170941,,,
15419,,4.206000328063965,10.648950576782227,8.917950630187988
15434,4.088854476074402,,,
15443,,4.857000350952148,9.799050331115723,7.365000247955322
15455,2.4051072020242175,,,
15460,,4.552950382232666,8.754000663757324,5.910000324249268
15474,0.636293936525813,,,
15480,,,,4.7470502853393555
15481,,4.361999988555908,7.6870503425598145,
15494,0.8469259746455033,,,
15500,,4.266000270843506,6.801000118255615,4.063050270080566
15514,1.8732738178387969,,,
15519,,,,3.268050193786621
15520,,4.4569501876831055,6.067050457000732,
15535,3.1155911519346025,,,
15540,,4.052999973297119,5.325000286102295,2.263050079345703
15554,4.288323121536219,,,
15559,,,4.600050449371338,1.1700000762939453
15560,,3.6439502239227295,,
15574,5.33653816651405,,,
15579,,3.2280001640319824,4.06095027923584,0.3949500322341919
15594,5.763359472429883,,,
15599,,3.28695011138916,3.7480502128601074,0.08100000023841858
15617,6.649873213168857,,,
15619,,,,-0.7549500465393066
15620,,3.2779500484466553,3.2599501609802246,
15640,7.416572684503367,,,
15641,,3.280050039291382,2.874000072479248,-1.4850000143051147
15656,8.126563288610326,,,
15661,,,,-1.9210500717163086
15662,,3.121950149536133,2.26200008392334,
15674,8.984847134333657,,,
15679,,2.2270500659942627,1.852950096130371,-2.6700000762939453
15694,9.312664670576385,,,
15699,,1.537950038909912,1.7400001287460327,-2.430000066757202
15714,8.471367575752785,,,
15719,,,,-1.456950068473816
15720,,2.0239500999450684,2.142000198364258,
15735,7.828342823036078,,,
15740,,2.9260501861572266,2.7090001106262207,-1.6669501066207886
15755,7.406906678265046,,,
15761,,,,-1.5949500799179077
15762,,4.113000392913818,3.3600001335144043,
15775,6.6401840961167835,,,
15780,,4.302000045776367,4.039950370788574,-1.171950101852417
15795,5.843581906109318,,,
15800,,,,-0.3439500033855438
15804,,3.7609500885009766,4.462950229644775,
15815,4.246625570420774,,,
15820,,3.100950241088867,5.278950214385986,1.5649501085281372
15835,2.0515114492440434,,,
15839,,,,3.0960001945495605
15840,,3.9910502433776855,6.804000377655029,
15855,0.8404328874779308,,,
15861,,5.875950336456299,8.494950294494629,3.976950168609619
15875,3.3804712100248158,,,
15880,,7.288050174713135,10.285050392150879,4.34505033493042
15895,4.335311047087625,,,
15901,,,11.14905071258545,5.002950191497803
15902,,6.673050403594971,,
15915,4.851708549721472,,,
15919,,,,6.0420002937316895
15920,,5.185050010681152,11.790000915527344,
15935,6.570376655546617,,,
15940,,4.222949981689453,12.802950859069824,7.588050365447998
15955,8.116973198566692,,,
15960,,3.000000238418579,13.37700080871582,8.920950889587402
15975,9.417873564040967,,,
15980,,2.1510000228881836,13.980000495910645,9.427950859069824
15999,10.426004806871621,,,
16002,,,14.35995101928711,10.030950546264648
16003,,1.0399500131607056,,
16015,11.657565536102108,,,
16020,,0.34200000762939453,14.386950492858887,11.695950508117676
16035,12.41112017227551,,,
16040,,0.07395000010728836,14.07300090789795,12.811050415039062
16055,12.192364939476787,,,
16060,,0.05700000375509262,13.461000442504883,12.667950630187988
16075,11.138167571708946,,,
16080,,0.1980000138282776,12.691950798034668,11.902050971984863
16095,9.999091297824346,,,
16100,,0.5040000081062317,11.96505069732666,10.978050231933594
16115,8.786559105283736,,,
16120,,,,10.284000396728516
16121,,1.0930500030517578,11.628000259399414,
16148,8.028514114043428,2.325000047683716,11.541000366210938,10.315950393676758
16155,7.0883701442920035,,,
16162,,,,9.823050498962402
16163,,3.7950000762939453,11.239950180053711,
16175,6.038079540799013,,,
16180,,,,9.088050842285156
16181,,4.663050174713135,10.48905086517334,
16195,3.912383490341979,,,
16200,,5.074950218200684,9.523950576782227,7.119000434875488
16215,2.004796237627839,,,
16220,,4.938000202178955,8.479050636291504,5.506050109863281
16238,0.1983536186299504,,,
16252,,4.366950035095215,7.23900032043457,4.1610002517700195
16263,1.7518848078409286,3.8779501914978027,6.100050449371338,3.1660501956939697
16276,2.980641691257538,,,
16280,,3.490950107574463,5.121000289916992,2.5890002250671387
16295,4.099111991176984,,,
16300,,,4.414950370788574,1.6290000677108765
16301,,3.5650501251220703,,
16319,5.6230682446841245,,,
16322,,3.589050054550171,3.6090002059936523,-0.07304999977350235
16335,7.0374882808066,,,
16342,,3.3040502071380615,2.986950159072876,-1.1980500221252441
16357,7.920339702680648,,,
16360,,,,-1.9399501085281372
16361,,3.1560001373291016,2.4340500831604004,
16375,8.673377544379338,,,
16383,,,,-2.524050235748291
16384,,3.1750502586364746,1.9939501285552979,
16397,9.208680113279586,,,
16411,,2.9479501247406006,1.696950078010559,-3.0649502277374268
16425,9.660998908101778,2.347050189971924,1.543950080871582,-3.2629501819610596
16436,9.423019111970978,,,
16444,,2.473950147628784,1.8930001258850098,-3.121950149536133
16456,8.491568478761282,,,
16460,,,,-2.4280500411987305
16461,,3.177000045776367,2.587050199508667,
16476,7.396088788272737,,,
16481,,,,-1.8799500465393066
16488,,4.13700008392334,3.496950149536133,
16502,6.6454009709679225,5.199000358581543,4.581000328063965,-1.771950125694275
16516,5.828633549570241,,,
16527,,5.250000476837158,5.5159502029418945,-1.1260499954223633
16536,4.215629271101432,,,
16541,,5.190000057220459,6.600000381469727,0.39195001125335693
16556,2.0634439793481683,,,
16561,,,,2.1319501399993896
16562,,4.764000415802002,7.459050178527832,
16576,0.9072710402049612,,,
16584,,4.361999988555908,8.293950080871582,3.4549500942230225
16596,1.7729266266892314,,,
16601,,3.9649500846862793,9.187050819396973,4.579950332641602
16616,3.0316457588379415,,,
16622,,4.43595027923584,9.820950508117676,6.208950519561768
16636,4.479557440219903,,,
16640,,,,7.317000389099121
16641,,4.242000102996826,10.885950088500977,
16657,6.242611599720179,,,
16662,,4.012050151824951,11.884050369262695,8.373000144958496
16677,7.330641975132746,,,
16686,,3.6820502281188965,12.340950965881348,9.370050430297852
16697,8.358889899037926,,,
16701,,2.7850501537323,12.715950965881348,9.775050163269043
16716,8.951937025787876,,,
16721,,1.665000081062317,12.882000923156738,9.772050857543945
16736,9.615793953032062,,,
16741,,0.8710500597953796,13.0420503616333,9.922950744628906
16756,10.082790601852286,,,
16761,,0.5760000348091125,13.11405086517334,10.423050880432129
16780,10.40853279437792,,,
16784,,0.41805002093315125,12.915000915527344,11.062050819396973
16797,10.574697099680916,,,
16802,,0.3540000021457672,12.610950469970703,11.542950630187988
16816,9.988396588354409,,,
16822,,0.973050057888031,12.027000427246094,11.47095012664795
16836,9.25594777831543,,,
16841,,,,11.337000846862793
16842,,1.821000099182129,11.713950157165527,
16856,8.24617609356092,,,
16861,,,,10.621950149536133
16862,,3.061950206756592,11.671051025390625,
16877,7.239694835069476,,,
16882,,,,10.117050170898438
16884,,4.114950180053711,11.331000328063965,
16904,6.604347715894538,4.6870503425598145,10.618050575256348,9.918000221252441
16916,5.36516611828624,,,
16933,,5.239950180053711,9.952950477600098,8.857950210571289
16937,3.9145802290604514,,,
16943,,5.271000385284424,8.950050354003906,7.525050163269043
16957,2.218529918662356,,,
16961,,5.233050346374512,8.062050819396973,6.049050331115723
16977,1.0030570390443183,,,
16981,,4.828050136566162,7.07895040512085,4.728000164031982
16997,1.6194106591206368,,,
17001,,4.261050224304199,6.094950199127197,3.517050266265869
17018,2.697064258923071,,,
17031,,3.744000196456909,5.310000419616699,3.043950080871582
17045,3.7070556897080302,,,
17046,,3.6850502490997314,4.687950134277344,2.1439499855041504
17060,4.672834521096147,,,
17061,,,,0.4639500081539154
17062,,3.886050224304199,4.332000255584717,
17076,6.2476265024457485,,,
17081,,,,-1.3060500621795654
17082,,4.06695032119751,3.8359501361846924,
17096,7.773014965746229,,,
17102,,,,-2.7750000953674316
17103,,3.2730002403259277,3.0229501724243164,
17117,8.929859656996427,,,
17122,,2.2579500675201416,2.2549500465393066,-3.367950201034546
17137,9.612426471801033,,,
17143,,,,-3.3130502700805664
17144,,1.4299501180648804,1.5769500732421875,
17157,9.815029717204599,,,
17164,,,,-2.887050151824951
17165,,1.1290500164031982,1.390950083732605,
17180,9.138015870275678,,,
17192,,,1.4629501104354858,-1.902000069618225
17193,,1.3590000867843628,,
17205,8.54416894004189,1.8900001049041748,1.908000111579895,-1.555050015449524
17217,7.881381885172287,,,
17222,,2.4570000171661377,2.6140501499176025,-1.576050043106079
17237,7.400738045256159,,,
17242,,,3.516000270843506,-1.927950143814087
17243,,3.121950149536133,,
17258,6.631125443391649,,,
17266,,,,-1.7800500392913818
17267,,3.66795015335083,4.591950416564941,
17279,5.838275160365819,,,
17282,,4.441050052642822,5.503950119018555,-1.1260499954223633
17305,4.197029089353549,4.575000286102295,6.466050148010254,0.5790000557899475
17317,1.940066821530427,,,
17322,,4.771050453186035,7.3969502449035645,2.9260501861572266
17337,0.7732710611069479,,,
17342,,4.503000259399414,8.176950454711914,5.680950164794922
17357,3.718137161663337,,,
17362,,4.282950401306152,9.148950576782227,8.671950340270996
17378,5.94032975074679,,,
17383,,5.6010003089904785,10.492950439453125,10.050000190734863
17397,6.660296575684465,,,
17402,,5.479050159454346,11.455050468444824,9.696000099182129
17417,6.834012005606475,,,
17422,,,,8.796000480651855
17423,,4.288050174713135,12.300000190734863,
17439,7.579851909388581,,,
17453,,,,8.559000015258789
17454,,3.4999501705169678,13.135050773620605,
17457,8.563589207781332,,,
17465,,2.9449501037597656,13.894050598144531,9.034950256347656
17481,9.814250814146169,,,
17482,,2.056950092315674,14.410950660705566,10.122000694274902
17498,11.099967997736806,,,
17504,,1.5139501094818115,14.803050994873047,11.473950386047363
17517,11.795406831239571,,,
17526,,1.0330500602722168,14.62605094909668,12.30405044555664
17539,11.817829847096373,,,
17542,,0.5160000324249268,13.867051124572754,12.60105037689209
17568,10.934760399082897,,,11.851950645446777
17569,,0.23595000803470612,12.931950569152832,
17582,9.822602920672658,,,
17583,,0.5380499958992004,12.156000137329102,11.148000717163086
17597,8.702830886665243,,,
17602,,,,10.85205078125
17603,,1.67205011844635,11.740050315856934,
17617,7.745183863369067,,,
17622,,2.5000500679016113,10.848000526428223,10.507050514221191
17638,6.306012436292819,,,
17642,,,,9.363000869750977
17643,,3.280050039291382,10.14900016784668,
17657,4.070062259882078,,,
17663,,3.9499502182006836,9.440999984741211,7.0759501457214355
17678,1.886669719051053,,,
17682,,,,5.1060004234313965
17683,,4.165950298309326,8.590950012207031,
17698,0.7842855607672131,,,
17706,,,,4.2109503746032715
17707,,3.5220000743865967,7.371000289916992,
17720,1.5832496754814476,,,
17733,,3.498000144958496,6.430050373077393,3.4140002727508545
17737,2.714131081987825,,,
17742,,3.850050210952759,5.511000156402588,2.2800002098083496
17757,4.025167445141355,,,
17762,,,4.846050262451172,0.9570000171661377
17763,,3.9190502166748047,,
17777,5.4483472995495426,,,
17782,,,4.150050163269043,-0.5860500335693359
17783,,3.589050054550171,,
17801,6.882824138930284,,,
17803,,2.893050193786621,3.4009501934051514,-1.7509500980377197
17828,7.860355384305351,2.365950107574463,2.874000072479248,-2.3299500942230225
17838,8.271080596328211,,,
17844,,2.056950092315674,2.3359501361846924,-2.1739501953125
17859,8.576026201151208,,,
17862,,,1.8690000772476196,-1.9690500497817993
17863,,1.7989500761032104,,
17877,8.786123206428144,,,
17886,,,,-2.1100502014160156
17887,,1.6770000457763672,1.6900501251220703,
17898,9.26737457791487,,,
17903,,,,-2.6959500312805176
17904,,1.4110500812530518,1.6950000524520874,
17918,9.284301256254803,,,
17923,,1.194000005722046,1.8960001468658447,-2.69100022315979
17938,8.440868468235177,,,
17944,,1.855950117111206,2.5420501232147217,-1.8799500465393066
17958,7.598288604388239,,,
17963,,2.653050184249878,3.1710002422332764,-1.6669501066207886
17978,6.793197584109272,,,
17982,,,,-1.015950083732605
17983,,2.7850501537323,3.9370501041412354,
17998,5.588502607063913,,,
18003,,2.104950189590454,4.819950103759766,0.2850000262260437
18018,3.3886101005266323,,,
18023,,2.0500500202178955,6.526050090789795,2.6920502185821533
18038,1.603339721101235,,,
18043,,,,5.214000225067139
18044,,2.5309500694274902,8.803950309753418,
18058,3.8478242943950947,,,
18063,,2.6269500255584717,10.888050079345703,7.336050510406494
18087,6.967763240729225,3.936000108718872,13.317000389099121,9.42495059967041
18098,8.507803532479205,,,
18103,,4.912050247192383,14.536951065063477,9.729000091552734
18118,9.36496818410802,,,
18123,,4.711050033569336,14.784000396728516,10.507050514221191
18138,9.620106431526953,,,
18143,,4.570050239562988,14.394001007080078,11.445000648498535
18159,9.1997055670022,,,
18163,,2.9599502086639404,12.991950988769531,11.74905014038086
18178,5.684734300831035,,,
18186,,1.045050024986267,11.296950340270996,8.097000122070312
18198,7.404973817478954,,,
18203,,,,10.906950950622559
18204,,,10.458000183105469,
18205,,1.3729500770568848,,
18220,5.439487488670628,,,
18234,,2.55495023727417,9.201000213623047,10.593000411987305
18238,4.320452889615476,,,
18248,,2.644050121307373,8.494950294494629,9.526050567626953
18261,3.0861185914032983,,,
18264,,1.927950143814087,7.789050579071045,8.145000457763672
18278,2.0968346718379416,,,
18283,,,,6.160950183868408
18284,,1.1500500440597534,7.267950534820557,
18298,2.3399760060832695,,,
18306,,,,5.254950046539307
18307,,0.9780000448226929,7.2270002365112305,
18321,1.5942241486978874,,,
18323,,1.5570000410079956,7.062000274658203,5.259000301361084
18347,1.0285812293259367,,,5.668950080871582
18348,,1.7299500703811646,7.017000198364258,
18362,0.921313033723117,,,
18365,,1.998000144958496,7.114950180053711,5.221050262451172
18378,1.7209419145418385,,,
18384,,1.8520500659942627,7.3060503005981445,4.501049995422363
18400,1.9735505446965182,,,
18404,,1.5910500288009644,7.335000514984131,4.34505033493042
18418,1.7543564794179118,,,
18425,,,7.368000507354736,4.788000106811523
18426,,1.3230000734329224,,
18439,1.1218211509085816,,,
18444,,1.1050500869750977,7.2960004806518555,5.2260003089904785
18459,1.2288376427067893,,,
18464,,0.8899500370025635,7.299000263214111,5.080050468444824
18478,1.154268267643339,,,
18485,,0.8040000200271606,7.3969502449035645,5.049000263214111
18512,1.213664571189451,,,
18513,,1.002000093460083,7.653000354766846,4.6080002784729
18519,1.0819432191810532,,,
18527,,1.4280000925064087,7.885050296783447,4.812000274658203
18539,0.32791777152336216,,,
18544,,1.1290500164031982,7.777050495147705,5.63700008392334
18559,0.5884605762577869,,,
18563,,,,5.836050510406494
18564,,0.3679500222206116,7.533000469207764,
18581,0.7662841139600214,,,
18594,,,,5.8120503425598145
18595,,0.3130500018596649,7.701000213623047,
18607,0.37137177743479766,,,
18608,,0.6169500350952148,7.873050212860107,5.424000263214111
18619,0.4823182338320882,,,
18624,,0.5400000214576721,8.011950492858887,5.0970001220703125
18639,0.5778172679186565,,,
18644,,,,5.010000228881836
18645,,0.6030000448226929,8.170050621032715,
18661,0.4292251874165312,,,
18664,,0.6499500274658203,8.182050704956055,5.061000347137451
18679,0.32349376741888053,,,
18685,,,,5.086950302124023
18686,,0.5209500193595886,8.11500072479248,
18699,0.3538165208190148,,,
18704,,0.3850500285625458,8.170050621032715,4.957950115203857
18719,0.4946506265764887,,,
18725,,0.2530499994754791,8.164950370788574,4.909950256347656
18754,0.313422011147712,0.45900002121925354,8.23905086517334,5.070000171661377
18768,0.23175293964077096,,,
18782,0.13202182239528984,0.8149500489234924,8.320950508117676,5.080050468444824
18799,,,,5.070000171661377
18800,0.19148640997687416,0.5929500460624695,8.220000267028809,
18816,,0.39900001883506775,8.184000015258789,4.993950366973877
18819,0.4454643258390568,,,
18843,0.33464167424547014,0.4249500334262848,8.196000099182129,4.711050033569336
18870,0.5228933951023649,0.4849500358104706,8.224950790405273,4.801950454711914
18880,0.6276217783966984,0.1770000010728836,8.014050483703613,4.6870503425598145
18899,0.47603551462762783,0.3850500285625458,8.353950500488281,3.988950252532959
18919,0.41460415661656247,,8.055000305175781,4.741950035095215
18920,,0.361050009727478,,
18926,,0.9690000414848328,8.188950538635254,4.921950340270996
18939,0.8044023101011858,,,
18949,,1.6000500917434692,8.50005054473877,5.652000427246094
18959,1.439564424971171,,,
18979,,,,6.535050392150879
18980,1.0240531991274915,1.3780500888824463,8.148000717163086,
