AccX,AccY,AccZ,atividade,atividade_lb
2.622000217437744,-7.249050140380859,6.732000350952148,Correndo,2
1.8750001192092896,-9.009000778198242,1.4020500183105469,Correndo,2
-0.6529500484466553,-14.439001083374023,-2.770050048828125,Correndo,2
3.009000062942505,-17.99505043029785,-4.31505012512207,Correndo,2
28.518001556396484,-5.590050220489502,-4.31505012512207,Correndo,2
50.12895202636719,8.767950057983398,-2.7850501537323,Correndo,2
31.345951080322266,13.824000358581545,0.612000048160553,Correndo,2
12.964950561523438,14.557050704956056,6.88200044631958,Correndo,2
8.812950134277344,15.088951110839844,7.70805025100708,Correndo,2
4.590000152587891,15.09795093536377,7.70805025100708,Correndo,2
14.610000610351562,-5.554050445556641,0.0079500004649162,Andando,0
10.020000457763672,-4.024050235748291,-1.6399500370025637,Andando,0
10.200000762939451,-1.065000057220459,-1.675950050354004,Andando,0
12.52005100250244,-2.9250001907348637,-2.830050230026245,Andando,0
11.184000968933104,-1.7400001287460327,-0.6949500441551208,Andando,0
6.6250505447387695,-2.9320502281188965,-1.6549500226974487,Andando,0
11.47095012664795,-5.260050296783447,-1.0180500745773315,Andando,0
5.716950416564941,-3.615000247955322,-1.1970000267028809,Andando,0
12.225000381469728,-1.2079501152038574,-2.4810001850128174,Andando,0
10.566000938415527,-7.953000545501709,-0.6300000548362732,Andando,0
5.860950469970703,5.254950046539307,6.163950443267822,Caminhando,1
5.16195011138916,7.956000328063965,3.669000148773194,Caminhando,1
-9.358050346374512,2.281050205230713,1.495050072669983,Caminhando,1
4.087049961090088,5.81505012512207,5.869950294494629,Caminhando,1
-1.6080000400543213,4.759950160980225,10.167000770568848,Caminhando,1
2.7940502166748047,4.185000419616699,5.226000308990479,Caminhando,1
4.870050430297852,4.069950103759766,9.27405071258545,Caminhando,1
-2.914950132369995,5.277000427246094,10.153050422668455,Caminhando,1
-1.2709500789642334,5.559000492095947,7.075950145721436,Caminhando,1
1.8820500373840328,7.603950500488281,11.28600025177002,Caminhando,1
0.4950000345706939,16.00094985961914,7.692000389099121,Correndo,2
-4.9270501136779785,14.85105037689209,7.692000389099121,Correndo,2
-9.753000259399414,14.47605037689209,7.70805025100708,Correndo,2
-6.097050189971924,12.510000228881836,7.6870503425598145,Correndo,2
20.99505043029785,15.64905071258545,7.170000553131104,Correndo,2
33.98895263671875,17.229000091552734,7.170000553131104,Correndo,2
37.3150520324707,18.996000289916992,9.23805046081543,Correndo,2
41.301002502441406,12.553050994873049,12.054000854492188,Correndo,2
42.810001373291016,5.787000179290772,13.627050399780272,Correndo,2
9.157950401306152,-12.973950386047363,14.407950401306152,Correndo,2
7.555950164794922,-8.506050109863281,-0.0769500061869621,Andando,0
9.028950691223145,-4.891050338745117,-1.5490500926971436,Andando,0
4.273950099945068,-5.971050262451172,-0.364050030708313,Andando,0
3.886050224304199,-0.7800000309944153,1.680000066757202,Andando,0
7.635000228881836,-0.4180500209331512,-2.02305006980896,Andando,0
12.283050537109377,-3.355950117111206,-1.7959500551223757,Andando,0
6.838050365447998,-7.981950283050537,-0.0840000063180923,Andando,0
13.044000625610352,-2.1130499839782715,-1.4560500383377075,Andando,0
4.783950328826904,-5.152050018310547,-0.5680500268936157,Andando,0
10.534950256347656,-1.2660000324249268,-0.2010000050067901,Andando,0
-1.062000036239624,3.80400013923645,4.153050422668457,Caminhando,1
-2.419950008392334,2.86995005607605,9.346050262451172,Caminhando,1
-4.135950088500977,0.2629500031471252,10.021050453186035,Caminhando,1
-6.2410502433776855,2.101950168609619,4.7989501953125,Caminhando,1
-4.2900004386901855,4.077000141143799,4.948050022125244,Caminhando,1
4.6180500984191895,-2.013000011444092,3.3700501918792725,Caminhando,1
-4.431000232696533,0.5359500050544739,2.0869500637054443,Caminhando,1
-1.8619500398635864,2.2669501304626465,10.191000938415527,Caminhando,1
-2.26200008392334,1.2829500436782837,3.2119500637054443,Caminhando,1
-4.0219502449035645,2.5159502029418945,0.4350000321865082,Caminhando,1
-6.945000171661377,-26.097002029418945,14.41005039215088,Correndo,2
-6.934950351715088,-25.350000381469727,3.68595027923584,Correndo,2
-4.933950424194336,-28.165950775146484,-0.3280500173568725,Correndo,2
7.053000450134277,-18.792001724243164,-2.0400002002716064,Correndo,2
11.908950805664062,-17.485050201416016,-2.0310001373291016,Correndo,2
16.246950149536133,-17.497051239013672,-5.887950420379639,Correndo,2
41.81100082397461,23.85900115966797,-7.389000415802002,Correndo,2
14.839950561523438,20.77695083618164,-7.3720502853393555,Correndo,2
0.6180000305175781,17.926050186157227,0.4680000245571136,Correndo,2
-7.951050281524658,19.23300170898437,0.8389500379562378,Correndo,2
11.176050186157228,-4.62000036239624,-0.7230000495910645,Andando,0
7.6210503578186035,-0.3970500230789184,-1.0699501037597656,Andando,0
7.153950214385986,-7.492950439453125,-0.931950032711029,Andando,0
1.759950041770935,1.9009500741958616,8.199000358581543,Andando,0
7.686000347137451,-0.8179500102996826,-2.622000217437744,Andando,0
11.78700065612793,-8.12505054473877,-2.0380501747131348,Andando,0
9.28005027770996,-6.294000148773193,-0.8760000467300415,Andando,0
15.177000999450684,-3.1330502033233643,-3.268050193786621,Andando,0
8.109000205993652,-5.740950107574463,-1.6000500917434692,Andando,0
9.60105037689209,-1.4020500183105469,-1.2570000886917114,Andando,0
6.285000324249268,-1.7760001420974731,15.247950553894045,Caminhando,1
-5.925000190734863,0.6370500326156616,3.103950262069702,Caminhando,1
-3.828000068664551,5.289000034332275,9.259950637817385,Caminhando,1
5.947050094604492,4.752000331878662,4.267950057983398,Caminhando,1
5.013000011444092,0.7729500532150269,4.135950088500977,Caminhando,1
13.518000602722168,22.30695152282715,4.339950084686279,Caminhando,1
-4.036050319671631,0.6649500131607056,1.4899500608444214,Caminhando,1
-5.559000492095947,3.775950193405152,13.926000595092772,Caminhando,1
-5.437050342559815,3.6750001907348633,6.70995044708252,Caminhando,1
14.983050346374512,16.338001251220703,13.44795036315918,Caminhando,1
-8.532000541687012,17.551950454711914,2.8030500411987305,Correndo,2
-4.085999965667725,15.361050605773926,5.647050380706787,Correndo,2
12.318000793457031,16.819950103759766,8.728050231933594,Correndo,2
38.00400161743164,24.69900131225586,11.629950523376465,Correndo,2
47.80905151367188,25.804950714111328,12.44895076751709,Correndo,2
32.01405334472656,0.9960000514984132,14.116050720214844,Correndo,2
8.1739501953125,-19.201051712036133,12.44895076751709,Correndo,2
-3.655050277709961,-27.325050354003903,10.474050521850586,Correndo,2
-8.820000648498535,-30.2629508972168,4.771050453186035,Correndo,2
-4.258950233459473,-28.941001892089844,2.257050037384033,Correndo,2
11.290950775146484,-4.795050144195557,-2.260050058364868,Andando,0
8.072999954223633,-5.748000144958496,-0.4770000278949737,Andando,0
17.497051239013672,0.831000030040741,2.8219501972198486,Andando,0
10.177950859069824,-7.338000297546387,-0.4770000278949737,Andando,0
16.261951446533203,-1.3230000734329224,-4.615950107574463,Andando,0
15.781050682067873,-3.406050205230713,-4.458000183105469,Andando,0
11.931000709533691,-2.91795015335083,-2.8369500637054443,Andando,0
14.382000923156738,-0.8730000257492065,-1.5679501295089722,Andando,0
7.663950443267822,-6.517050266265869,-1.5090000629425049,Andando,0
8.028000831604004,-2.1040501594543457,-1.3429501056671145,Andando,0
-3.3390002250671387,0.0760500058531761,3.844050168991089,Caminhando,1
15.5149507522583,13.64505100250244,3.6790502071380615,Caminhando,1
-6.592950344085693,1.50600004196167,3.097050189971924,Caminhando,1
-2.937000036239624,5.952000141143799,11.13900089263916,Caminhando,1
-2.025000095367432,4.98900032043457,6.97605037689209,Caminhando,1
5.437050342559815,7.438950538635254,9.835050582885742,Caminhando,1
-1.3729500770568848,7.1509504318237305,9.589950561523438,Caminhando,1
2.8590002059936523,5.478000164031982,11.53695011138916,Caminhando,1
0.925950050354004,-1.969950079917908,11.803050994873049,Caminhando,1
2.3269500732421875,11.920950889587402,7.881000518798828,Caminhando,1
3.0810000896453857,-24.99795150756836,-4.465950012207031,Correndo,2
7.879050254821777,-22.9150505065918,-6.5560503005981445,Correndo,2
15.22800064086914,-20.860950469970703,-7.698000431060791,Correndo,2
37.38705062866211,-2.473050117492676,-8.45205020904541,Correndo,2
52.76505279541016,20.956951141357425,-11.5260009765625,Correndo,2
55.48695373535156,28.362001419067383,-11.5260009765625,Correndo,2
38.9239501953125,28.384052276611328,-11.548050880432127,Correndo,2
6.2059502601623535,16.98495101928711,-8.45205020904541,Correndo,2
-2.1040501594543457,18.687000274658203,-0.0049500004388391,Correndo,2
-6.57105016708374,15.274950981140137,0.6330000162124634,Correndo,2
5.559000492095947,-6.459000110626221,-0.2639999985694885,Andando,0
8.152050018310547,-4.933950424194336,-0.8860500454902649,Andando,0
10.401000022888184,0.1339500099420547,-2.74905014038086,Andando,0
9.057000160217283,-1.0069500207901,-1.5679501295089722,Andando,0
16.68600082397461,0.2220000177621841,-2.3560500144958496,Andando,0
8.368050575256348,5.061000347137451,11.760000228881836,Andando,0
10.354950904846191,-5.583000183105469,-0.8689500689506531,Andando,0
12.5910005569458,0.4860000312328338,-1.0339500904083252,Andando,0
1.1059499979019165,2.4750001430511475,10.345050811767578,Andando,0
9.59595012664795,-1.711050033569336,-1.2619500160217283,Andando,0
0.3490500152111053,2.722050189971924,6.186000347137451,Caminhando,1
2.464050054550171,1.1389501094818115,9.87795066833496,Caminhando,1
4.446000099182129,1.6060501337051392,4.276950359344482,Caminhando,1
-8.32395076751709,3.3229501247406006,2.7810001373291016,Caminhando,1
1.3069500923156738,3.100050210952759,9.073050498962402,Caminhando,1
5.767950057983398,15.79995059967041,6.070950508117676,Caminhando,1
3.166950225830078,0.1549500077962875,9.46095085144043,Caminhando,1
-1.443000078201294,3.2370002269744877,16.033050537109375,Caminhando,1
-2.319000005722046,8.595000267028809,7.096050262451172,Caminhando,1
1.5660001039505005,3.883050203323364,11.593950271606444,Caminhando,1
-7.627050399780273,13.063050270080566,0.6330000162124634,Correndo,2
-8.044050216674805,9.594000816345217,1.4449501037597656,Correndo,2
-3.835050106048584,10.807950973510742,2.350050210952759,Correndo,2
5.803950309753418,13.91100025177002,4.455000400543213,Correndo,2
38.42100143432617,13.558950424194336,8.82705020904541,Correndo,2
8.3100004196167,-7.960050582885742,8.84595012664795,Correndo,2
-4.833000183105469,-17.125951766967773,5.625000476837158,Correndo,2
-2.8510501384735107,-18.174001693725582,-3.6750001907348633,Correndo,2
33.19200134277344,13.105950355529783,-6.397950172424316,Correndo,2
12.699000358581545,15.34695053100586,-8.014050483703613,Correndo,2
15.61500072479248,-3.14805006980896,-0.7930500507354736,Andando,0
5.314950466156006,-0.9859500527381896,-0.400050014257431,Andando,0
5.73900032043457,-4.671000003814697,-2.0590500831604004,Andando,0
13.177950859069824,1.3810501098632812,-2.338950157165528,Andando,0
13.044000625610352,-5.707050323486328,-2.469000101089477,Andando,0
7.075050354003906,-2.0850000381469727,-1.942050099372864,Andando,0
12.139050483703612,-4.189050197601318,-1.377000093460083,Andando,0
8.626049995422363,-6.423000335693359,-2.482950210571289,Andando,0
10.326000213623049,-3.2700002193450928,-0.5320500135421753,Andando,0
4.912950038909912,-7.43595027923584,-0.1650000065565109,Andando,0
3.0169501304626465,-3.3130502700805664,11.443950653076172,Caminhando,1
11.140050888061523,7.123050212860107,-1.815000057220459,Caminhando,1
-1.2060000896453855,2.5470001697540283,5.305050373077393,Caminhando,1
-2.578050136566162,-5.554050445556641,5.977050304412842,Caminhando,1
2.305950164794922,1.5490500926971436,9.10004997253418,Caminhando,1
-0.0570000037550926,2.1160500049591064,9.054000854492188,Caminhando,1
7.585050582885742,-2.25,1.467000126838684,Caminhando,1
2.140050172805786,1.009950041770935,4.275000095367432,Caminhando,1
4.000950336456299,-0.4330500066280365,-1.4850000143051147,Caminhando,1
9.487950325012209,3.775950193405152,7.375950336456299,Caminhando,1
2.212050199508667,9.2920503616333,-8.026050567626953,Correndo,2
-10.42905044555664,2.5039501190185547,-4.408050060272217,Correndo,2
-9.028050422668455,1.9870500564575195,-3.862050294876098,Correndo,2
-6.385050296783447,5.629050254821777,-1.6350001096725464,Correndo,2
1.2420001029968262,10.97295093536377,1.7509500980377195,Correndo,2
15.349950790405272,17.005950927734375,6.732000350952148,Correndo,2
24.88800048828125,19.944000244140625,6.721950531005859,Correndo,2
23.566951751708984,17.26500129699707,6.720000267028809,Correndo,2
-3.0949501991271973,-15.8899507522583,-2.641050100326538,Correndo,2
3.390000104904175,-17.10900115966797,-10.843950271606444,Correndo,2
10.450950622558594,-0.9709500670433044,-1.3510500192642212,Andando,0
11.650050163269045,-0.9570000171661376,-0.8740500211715698,Andando,0
13.20900058746338,-7.0000505447387695,-1.318950057029724,Andando,0
7.591950416564941,-6.250950336456299,-1.1370000839233398,Andando,0
15.772951126098633,0.8449500203132629,-0.2710500061511993,Andando,0
12.714000701904297,3.847050189971924,-2.131050109863281,Andando,0
8.13794994354248,-5.085000038146973,-0.8670000433921814,Andando,0
9.337950706481934,-4.591950416564941,-2.49495005607605,Andando,0
14.854050636291504,-3.5719501972198486,-0.675000011920929,Andando,0
5.48805046081543,-6.307950496673584,-0.9600000381469728,Andando,0
2.6140501499176025,8.7649507522583,8.12505054473877,Caminhando,1
-1.519950032234192,-0.2890500128269195,12.825000762939451,Caminhando,1
-4.611000061035156,2.9419500827789307,0.439050018787384,Caminhando,1
7.297950267791748,0.6100500226020813,2.629950046539306,Caminhando,1
2.004000186920166,4.579950332641602,15.48495101928711,Caminhando,1
-2.4049501419067383,4.788000106811523,5.860050201416016,Caminhando,1
1.5510001182556152,3.574050188064575,10.366050720214844,Caminhando,1
1.14900004863739,6.462000370025635,15.646050453186035,Caminhando,1
-2.5279500484466557,2.374950170516968,12.556950569152832,Caminhando,1
-1.0219500064849854,-0.5640000104904175,11.6089506149292,Caminhando,1
21.678001403808597,-11.803050994873049,-10.830000877380373,Correndo,2
26.799001693725582,-11.193000793457031,-10.840950965881348,Correndo,2
34.67205047607422,-9.153000831604004,-10.822050094604492,Correndo,2
47.1910514831543,-0.6550500392913818,-10.843950271606444,Correndo,2
-2.677950143814087,12.38805103302002,4.821000099182129,Correndo,2
-13.078950881958008,14.161951065063477,13.324950218200684,Correndo,2
-10.24905014038086,16.029001235961914,13.303950309753418,Correndo,2
-2.476950168609619,17.839950561523438,13.31295108795166,Correndo,2
5.703000068664551,20.842050552368164,13.303950309753418,Correndo,2
42.522003173828125,31.006052017211918,13.315950393676758,Correndo,2
9.904950141906738,-1.1010000705718994,-1.5919500589370728,Andando,0
7.743000507354736,-8.905950546264648,-0.8880000710487366,Andando,0
4.876950263977051,-4.402050018310547,-0.7830000519752502,Andando,0
8.827950477600098,-0.1360500007867813,-3.970050096511841,Andando,0
10.633050918579102,-0.5040000081062317,-1.6260000467300415,Andando,0
10.336050033569336,-5.877000331878662,-0.8860500454902649,Andando,0
10.249950408935549,-1.3570500612258911,-1.1830500364303589,Andando,0
12.016950607299805,-4.182000160217285,-1.1970000267028809,Andando,0
6.916950225830078,-6.258000373840332,-0.7380000352859497,Andando,0
5.8969502449035645,-5.511000156402588,0.1590000092983245,Andando,0
-3.9780001640319824,3.739950180053711,7.213050365447998,Caminhando,1
-0.322050005197525,-0.32505002617836,10.143000602722168,Caminhando,1
2.485050201416016,-0.0880500078201294,10.80405044555664,Caminhando,1
2.5069501399993896,-2.8750500679016118,10.534050941467283,Caminhando,1
-0.6169500350952148,3.783000230789185,10.962000846862791,Caminhando,1
3.9790501594543457,5.419950485229492,9.763050079345703,Caminhando,1
-1.8520500659942627,2.2170000076293945,13.303950309753418,Caminhando,1
-3.864000082015991,5.622000217437744,4.965000152587891,Caminhando,1
-5.0560503005981445,0.6010500192642212,11.82705020904541,Caminhando,1
-0.753000020980835,8.107049942016602,10.194000244140623,Caminhando,1
55.048954010009766,23.176050186157227,18.0799503326416,Correndo,2
54.73305130004883,12.10800075531006,13.56195068359375,Correndo,2
33.94605255126953,-1.6819500923156738,13.58400058746338,Correndo,2
17.562000274658203,-11.983050346374512,13.564950942993164,Correndo,2
-2.808000087738037,-27.43305206298828,10.029000282287598,Correndo,2
-5.824050426483154,-31.132051467895508,1.158000111579895,Correndo,2
-9.508950233459473,-34.28505325317383,-0.1560000032186508,Correndo,2
14.4660005569458,-30.349050521850582,-7.546950340270996,Correndo,2
21.55605125427246,-24.889951705932617,-7.5420002937316895,Correndo,2
41.56005096435547,-10.905000686645508,-7.545000553131103,Correndo,2
15.019050598144531,0.4999500215053558,-0.9529500603675842,Andando,0
8.03700065612793,-1.8960001468658447,-2.548050165176392,Andando,0
10.257000923156738,-0.9280500411987304,-4.256999969482422,Andando,0
10.32900047302246,-4.050000190734863,-2.5410001277923584,Andando,0
11.50005054473877,-2.710050106048584,-2.004000186920166,Andando,0
10.918050765991213,-4.915050029754639,-2.505000114440918,Andando,0
6.156000137329102,2.842050075531006,11.757000923156738,Andando,0
11.7610502243042,-4.957950115203857,-0.7380000352859497,Andando,0
6.048000335693359,-8.383950233459473,-0.2659500241279602,Andando,0
17.137950897216797,-2.307000160217285,-2.956950187683105,Andando,0
4.611000061035156,0.8449500203132629,9.301050186157228,Caminhando,1
0.5100000500679016,-0.5550000071525574,10.371000289916992,Caminhando,1
-7.813950538635254,5.383950233459473,10.380000114440918,Caminhando,1
-3.957000255584717,2.799000024795532,11.278050422668455,Caminhando,1
2.2480502128601074,-0.0880500078201294,14.63805103302002,Caminhando,1
1.5420000553131104,7.956000328063965,7.870950222015381,Caminhando,1
-1.9459501504898071,7.711950302124023,5.647050380706787,Caminhando,1
2.061000108718872,3.5029501914978027,9.10200023651123,Caminhando,1
1.981950044631958,2.748000144958496,14.563050270080566,Caminhando,1
9.08595085144043,8.989950180053711,-2.806050062179565,Caminhando,1
54.22995376586914,5.6569504737854,-8.344050407409668,Correndo,2
24.63705062866211,20.518951416015625,-7.546950340270996,Correndo,2
0.6319500207901001,15.433051109313965,-6.02400016784668,Correndo,2
-10.234950065612791,16.906051635742188,1.4310001134872437,Correndo,2
-10.39305019378662,22.91805076599121,3.49905014038086,Correndo,2
22.273950576782227,25.29495048522949,5.359950065612793,Correndo,2
44.98605346679688,28.68600082397461,11.235000610351562,Correndo,2
41.14305114746094,12.100050926208496,11.854950904846191,Correndo,2
32.566951751708984,8.926050186157227,11.869950294494627,Correndo,2
2.722050189971924,-30.14805221557617,11.893950462341309,Correndo,2
13.590001106262209,0.5860500335693359,-2.4760501384735107,Andando,0
8.72700023651123,-6.409050464630127,-0.400050014257431,Andando,0
14.380050659179688,-3.4780502319335938,-2.410950183868408,Andando,0
7.858050346374512,-2.8030500411987305,-1.647000074386597,Andando,0
8.598000526428223,-0.8560500144958496,-2.437950134277344,Andando,0
5.128050327301025,-4.635000228881836,-0.7330500483512878,Andando,0
11.097000122070312,-0.4039500057697296,-0.8410500288009644,Andando,0
14.314950942993164,-1.3450500965118408,-2.992950201034546,Andando,0
8.683950424194336,-6.76800012588501,-1.4269500970840454,Andando,0
8.928000450134277,-7.314000129699707,0.6550500392913818,Andando,0
-1.651050090789795,2.3800501823425293,5.872050285339356,Caminhando,1
-1.0260000228881836,11.410950660705566,10.201050758361816,Caminhando,1
1.8460501432418823,1.5630000829696655,6.535050392150879,Caminhando,1
8.740950584411621,-0.7990500330924988,0.8989500403404236,Caminhando,1
11.485050201416016,3.2440502643585205,-0.5509500503540039,Caminhando,1
-1.0120500326156616,-1.0140000581741333,9.316950798034668,Caminhando,1
3.0169501304626465,1.714050054550171,14.511000633239746,Caminhando,1
2.7940502166748047,3.618000268936157,9.304950714111328,Caminhando,1
4.065000057220459,6.211050510406494,13.942950248718262,Caminhando,1
10.50105094909668,11.044950485229492,5.640000343322754,Caminhando,1
-5.479950428009033,-42.652950286865234,4.491000175476074,Correndo,2
-6.175950527191162,-45.08100128173828,3.886950254440308,Correndo,2
23.53095054626465,-34.450950622558594,-3.886050224304199,Correndo,2
39.6280517578125,-24.373050689697266,-5.349000453948975,Correndo,2
55.035003662109375,-11.14905071258545,-5.341950416564941,Correndo,2
62.49795150756836,12.955050468444824,-5.361000061035156,Correndo,2
60.76695251464844,23.356050491333008,-5.371050357818604,Correndo,2
50.93400192260742,31.149002075195312,-5.359050273895264,Correndo,2
1.9459501504898071,24.22800064086914,-2.433000087738037,Correndo,2
-4.122000217437744,24.21600151062012,-0.831000030040741,Correndo,2
-0.0760500058531761,2.0850000381469727,9.391950607299805,Andando,0
9.883050918579102,-6.193050384521484,0.6190500259399414,Andando,0
9.856950759887695,-8.302950859069824,-0.1030500084161758,Andando,0
16.951051712036133,-0.7270500063896179,-2.505000114440918,Andando,0
14.725050926208496,-1.7730001211166382,-1.1730000972747805,Andando,0
13.201951026916504,-2.50095009803772,-2.1859500408172607,Andando,0
13.707000732421877,-1.86900007724762,-1.5109500885009766,Andando,0
12.76395034790039,-6.394050121307373,-1.647000074386597,Andando,0
9.424050331115724,-6.20805025100708,-1.054050087928772,Andando,0
9.53895092010498,-4.16100025177002,-1.8079501390457156,Andando,0
-4.369050025939941,1.5490500926971436,3.2530500888824463,Caminhando,1
-3.576000213623047,4.43595027923584,6.775050163269043,Caminhando,1
-5.947050094604492,1.6849501132965088,2.7240002155303955,Caminhando,1
-9.523950576782228,1.7070001363754272,6.541950225830078,Caminhando,1
6.630000114440918,2.0659501552581787,7.62000036239624,Caminhando,1
7.16100025177002,8.911050796508789,8.211000442504883,Caminhando,1
0.9049500226974488,5.017950057983398,13.929000854492188,Caminhando,1
-1.680000066757202,4.386000156402588,0.9919500350952148,Caminhando,1
-10.867050170898438,4.422000408172607,2.9509501457214355,Caminhando,1
-1.2130500078201294,4.084050178527832,11.214000701904297,Caminhando,1
-9.106950759887695,24.232051849365234,4.060050010681152,Correndo,2
-10.278000831604004,27.83805084228516,4.984050273895264,Correndo,2
58.21695327758789,14.758050918579102,15.468000411987305,Correndo,2
50.80395126342773,9.378000259399414,15.48495101928711,Correndo,2
20.57205009460449,-18.676950454711918,15.504000663757324,Correndo,2
-3.66195011138916,-39.127052307128906,6.013050079345703,Correndo,2
-3.66195011138916,-41.95695114135742,5.452950477600098,Correndo,2
-11.973000526428224,-44.55705261230469,-0.2280000150203704,Correndo,2
-11.950950622558594,-43.63005065917969,-5.062050342559815,Correndo,2
29.671951293945312,-23.188051223754883,-9.247050285339355,Correndo,2
6.607950210571289,-1.218000054359436,-0.8190000653266907,Andando,0
8.758049964904785,-5.238000392913818,-0.3190500140190124,Andando,0
8.716950416564941,-0.2359500080347061,-3.690000057220459,Andando,0
-1.6150500774383545,-0.6700500249862671,9.705000877380373,Andando,0
10.257000923156738,-7.156050205230713,-1.4700000286102295,Andando,0
14.422950744628906,2.088000059127808,0.2740500271320343,Andando,0
-0.4210500121116638,-0.7849500179290771,9.829950332641602,Andando,0
9.424050331115724,1.0390501022338867,-2.445000171661377,Andando,0
9.915000915527344,-0.7200000286102295,-1.963050127029419,Andando,0
7.111050128936768,-5.758050441741943,-2.87595009803772,Andando,0
0.0430500023066997,3.328050136566162,9.466050148010254,Caminhando,1
0.4240500330924988,4.249950408935547,8.082000732421875,Caminhando,1
4.699950218200684,-1.1839500665664673,8.257050514221191,Caminhando,1
3.009000062942505,5.341050148010254,11.379000663757324,Caminhando,1
7.3120503425598145,14.995050430297852,3.181050062179565,Caminhando,1
0.8190000653266907,4.278000354766846,14.73300075531006,Caminhando,1
3.8140501976013184,10.93695068359375,14.511000633239746,Caminhando,1
-3.3100502490997314,2.353049993515014,5.307000160217285,Caminhando,1
4.0219502449035645,5.485050201416016,4.942950248718262,Caminhando,1
3.132000207901001,1.0459500551223757,6.552000522613525,Caminhando,1
48.5920524597168,-4.41195011138916,-9.22800064086914,Correndo,2
52.41300201416016,36.694950103759766,-9.622950553894045,Correndo,2
23.53800201416016,25.36695098876953,-9.643950462341309,Correndo,2
-3.3030002117156982,14.421000480651855,-5.851950168609619,Correndo,2
-10.95300006866455,11.3100004196167,-5.140950202941895,Correndo,2
-13.632000923156738,9.2989501953125,-2.0020501613616943,Correndo,2
-10.615050315856934,11.971050262451172,-0.931950032711029,Correndo,2
-11.743050575256348,13.681050300598145,-0.1339500099420547,Correndo,2
-6.370050430297852,16.38105010986328,3.103950262069702,Correndo,2
44.34705352783203,31.924951553344727,10.380000114440918,Correndo,2
10.65195083618164,-0.697950005531311,-0.8689500689506531,Andando,0
2.0160000324249268,2.482950210571289,8.215950012207031,Andando,0
11.140050888061523,-5.602050304412842,-2.6989500522613525,Andando,0
8.133000373840332,-3.627000093460083,-0.7500000596046448,Andando,0
13.920001029968262,-6.121050357818604,-3.1150500774383545,Andando,0
15.55095100402832,-1.5319501161575315,-2.584050178527832,Andando,0
11.176050186157228,-6.121050357818604,-3.1150500774383545,Andando,0
14.610000610351562,1.1389501094818115,0.6409500241279602,Andando,0
10.896000862121582,-0.9070500135421752,-1.630950093269348,Andando,0
9.438000679016112,-0.3540000021457672,-3.783000230789185,Andando,0
7.627950191497803,1.293000102043152,-0.5389500260353088,Caminhando,1
0.6180000305175781,4.249950408935547,13.246050834655762,Caminhando,1
1.3290001153945925,2.8560001850128174,9.63105010986328,Caminhando,1
2.6650500297546387,0.3850500285625458,12.45900058746338,Caminhando,1
-6.391950130462647,-0.6190500259399414,2.0050501823425293,Caminhando,1
4.597050189971924,-2.206950187683105,6.127950191497803,Caminhando,1
3.6130502223968506,4.981950283050537,8.57805061340332,Caminhando,1
-0.8250000476837158,7.891050338745117,7.378050327301025,Caminhando,1
-0.2220000177621841,3.061950206756592,7.5360002517700195,Caminhando,1
3.268050193786621,-1.180050015449524,14.03700065612793,Caminhando,1
51.69495391845703,19.843950271606445,10.375950813293455,Correndo,2
39.742950439453125,3.438000202178955,10.380000114440918,Correndo,2
23.57400131225586,-12.141000747680664,10.396950721740724,Correndo,2
-3.892050266265869,-32.1739501953125,10.390050888061523,Correndo,2
-3.016050100326538,-35.39895248413086,4.641000270843506,Correndo,2
-9.94005012512207,-38.68095016479492,-5.125950336456299,Correndo,2
6.357000350952148,-33.18600082397461,-6.592050075531006,Correndo,2
25.930051803588867,-25.702051162719727,-8.797050476074219,Correndo,2
47.31300354003906,15.64905071258545,-10.470000267028809,Correndo,2
33.14895248413086,21.08595085144043,-8.797050476074219,Correndo,2
8.181000709533691,-6.982950210571289,-1.390950083732605,Andando,0
13.741050720214844,-1.582050085067749,-2.07105016708374,Andando,0
13.98495101928711,-5.554050445556641,-2.6989500522613525,Andando,0
9.855000495910645,-6.490050315856934,-1.116000056266785,Andando,0
6.463950157165527,-5.8560004234313965,-1.321950078010559,Andando,0
9.771000862121582,-9.26805019378662,-1.603950023651123,Andando,0
9.855000495910645,-5.784000396728516,-2.8729500770568848,Andando,0
4.999050140380859,-5.949000358581543,-0.817050039768219,Andando,0
10.939050674438477,2.9350502490997314,0.3100500106811523,Andando,0
12.667950630187988,-1.4020500183105469,-2.485050201416016,Andando,0
4.116000175476074,15.66300106048584,8.182950019836426,Caminhando,1
0.8689500689506531,-0.1879500150680542,4.323000431060791,Caminhando,1
3.879000186920166,11.848950386047363,7.285050392150879,Caminhando,1
-2.4049501419067383,2.152050018310547,7.111950397491455,Caminhando,1
14.73900032043457,19.31895065307617,0.6760500073432922,Caminhando,1
8.368050575256348,8.136000633239746,9.850950241088867,Caminhando,1
3.0810000896453857,-4.282950401306152,6.918000221252441,Caminhando,1
-2.16795015335083,6.7920002937316895,11.419950485229492,Caminhando,1
8.598000526428223,2.6479501724243164,7.378050327301025,Caminhando,1
9.144000053405762,14.859001159667969,2.794950246810913,Caminhando,1
8.611950874328613,21.86895179748535,-6.9649505615234375,Correndo,2
-13.624950408935549,17.45895004272461,-2.410950183868408,Correndo,2
-14.110950469970703,24.382951736450195,6.637950420379639,Correndo,2
13.129950523376465,-12.262950897216797,9.496950149536133,Correndo,2
-3.282000064849853,-28.410001754760746,2.070000171661377,Correndo,2
-6.169050216674805,-32.48295211791992,-0.5149500370025635,Correndo,2
18.54600143432617,-13.51995086669922,-4.717050075531006,Correndo,2
37.687950134277344,11.467950820922852,-4.734000205993652,Correndo,2
42.16305160522461,32.49300003051758,-4.735949993133545,Correndo,2
25.95900154113769,31.17795181274414,-4.73805046081543,Correndo,2
7.65000057220459,-5.884050369262695,-2.433000087738037,Andando,0
13.432050704956056,0.3970500230789184,-0.6010500192642212,Andando,0
18.223051071166992,1.771950125694275,-3.2179501056671143,Andando,0
6.8020501136779785,-6.696000099182129,-0.2560500204563141,Andando,0
10.314000129699709,-2.839050054550171,-0.2299500107765197,Andando,0
7.3690505027771,-3.378000259399414,-1.942050099372864,Andando,0
12.120000839233398,-6.1650004386901855,-1.5679501295089722,Andando,0
14.373001098632812,-2.8530001640319824,-2.320050001144409,Andando,0
13.321950912475586,-0.2599500119686126,-2.3179500102996826,Andando,0
13.0489501953125,-3.198000192642212,-3.139050245285034,Andando,0
-3.085050106048584,3.3229501247406006,8.161050796508789,Caminhando,1
-1.429050087928772,2.569050073623657,8.218050003051758,Caminhando,1
0.6679500341415405,-2.4649500846862797,12.133050918579102,Caminhando,1
6.910050392150879,1.6300500631332395,12.909000396728516,Caminhando,1
1.5079500675201416,2.740950107574463,14.87700080871582,Caminhando,1
4.13700008392334,-1.0290000438690186,4.491000175476074,Caminhando,1
4.747950077056885,2.1090002059936523,8.893950462341309,Caminhando,1
3.634050130844116,2.325000047683716,9.26205062866211,Caminhando,1
3.807000160217285,12.661050796508787,10.761000633239746,Caminhando,1
-0.8899500370025635,3.9979500770568848,13.267951011657717,Caminhando,1
25.42005157470703,22.0129508972168,-4.743000030517578,Correndo,2
5.6170501708984375,9.357000350952148,1.6320000886917114,Correndo,2
-4.624950408935547,4.056000232696533,1.612950086593628,Correndo,2
-7.5199503898620605,-1.6609500646591189,1.6320000886917114,Correndo,2
-7.089000225067139,-5.755050182342529,1.6320000886917114,Correndo,2
-14.26395034790039,-5.797950267791748,5.137050151824951,Correndo,2
11.068950653076172,11.533050537109377,5.134950160980225,Correndo,2
29.335050582885746,18.141000747680664,19.11495018005371,Correndo,2
-3.0450000762939453,-17.599950790405273,5.920050144195557,Correndo,2
-3.025950193405152,-15.495000839233398,2.350050210952759,Correndo,2
15.271050453186035,-3.873000144958496,-2.79705023765564,Andando,0
10.243050575256348,-1.1370000839233398,-1.8130500316619875,Andando,0
3.475950241088867,-6.672000408172607,-1.4269500970840454,Andando,0
12.714000701904297,-0.6390000581741333,-0.5509500503540039,Andando,0
7.140000343322754,-5.841000080108643,-1.3840500116348269,Andando,0
7.153950214385986,-5.041950225830078,-2.184000015258789,Andando,0
7.434000492095947,-6.028050422668457,0.1900500059127807,Andando,0
12.706050872802734,0.3709500133991241,-2.245950222015381,Andando,0
9.55305004119873,-2.200050115585327,-1.4700000286102295,Andando,0
8.302950859069824,-7.378050327301025,-1.3579500913619995,Andando,0
5.659950256347656,1.1040000915527344,2.7589502334594727,Caminhando,1
6.751950263977051,2.820000171661377,3.681000232696533,Caminhando,1
7.189950466156006,0.9220500588417052,2.2710001468658447,Caminhando,1
-1.9309500455856323,3.3520500659942627,11.57805061340332,Caminhando,1
-0.2220000177621841,3.325050115585327,8.878950119018555,Caminhando,1
0.0930000022053718,1.2690000534057615,12.166950225830078,Caminhando,1
-2.0749499797821045,2.8030500411987305,8.922000885009766,Caminhando,1
12.964950561523438,7.654050350189209,2.347950220108032,Caminhando,1
-0.1140000075101852,2.533050060272217,14.167950630187988,Caminhando,1
-2.677950143814087,5.290950298309326,11.443950653076172,Caminhando,1
-1.0049999952316284,-15.495000839233398,-1.815000057220459,Correndo,2
14.587950706481934,15.484050750732422,-7.722000598907471,Correndo,2
22.38195037841797,20.338951110839844,-6.139050483703613,Correndo,2
2.0400002002716064,9.2920503616333,12.8899507522583,Correndo,2
-10.68000030517578,-1.4599500894546509,12.916050910949709,Correndo,2
-11.140050888061523,-1.8979500532150269,12.922950744628906,Correndo,2
-13.351950645446776,-2.896050214767456,6.544950485229492,Correndo,2
1.3720500469207764,9.2989501953125,5.944050312042236,Correndo,2
29.21295166015625,32.42805099487305,11.6089506149292,Correndo,2
24.544050216674805,21.487951278686523,13.017000198364258,Correndo,2
17.389951705932617,0.8089500665664673,-2.731950044631958,Andando,0
4.768950462341309,-8.355000495910645,0.1230000033974647,Andando,0
8.346000671386719,-5.145000457763672,-1.0060499906539917,Andando,0
7.147050380706787,-7.327950477600098,-0.8530500531196594,Andando,0
1.759950041770935,2.052000045776367,10.342050552368164,Andando,0
14.78205108642578,-5.389050483703613,-3.1060502529144287,Andando,0
8.385000228881836,-1.8619500398635864,-1.3459500074386597,Andando,0
12.462000846862791,-3.937950134277344,-2.1859500408172607,Andando,0
7.563000202178955,-3.9880502223968506,-1.3410000801086426,Andando,0
11.75100040435791,-7.90500020980835,-0.5359500050544739,Andando,0
5.179050445556641,4.981950283050537,6.13800048828125,Caminhando,1
-1.0260000228881836,6.31095027923584,13.929000854492188,Caminhando,1
-4.201050281524658,1.1389501094818115,10.747050285339355,Caminhando,1
-1.5079500675201416,2.9640002250671387,9.777000427246094,Caminhando,1
4.978050231933594,13.105950355529783,12.211950302124023,Caminhando,1
7.297950267791748,-0.3679500222206116,3.384000062942505,Caminhando,1
1.350000023841858,-1.0429500341415403,7.7659502029418945,Caminhando,1
11.995050430297852,2.2099502086639404,2.275950193405152,Caminhando,1
1.9030500650405884,-0.4900500178337097,12.811050415039062,Caminhando,1
-1.0330500602722168,4.507950305938721,8.353050231933594,Caminhando,1
3.807000160217285,-9.46095085144043,13.057050704956056,Correndo,2
-4.201050281524658,-19.2450008392334,4.002000331878662,Correndo,2
-4.681950092315674,-17.320051193237305,1.596000075340271,Correndo,2
23.257951736450195,13.50795078277588,-5.442000389099121,Correndo,2
25.46295166015625,23.65800094604492,-5.44005012512207,Correndo,2
11.980950355529783,21.876001358032227,-5.430000305175781,Correndo,2
17.181001663208008,23.485050201416016,-2.2390501499176025,Correndo,2
16.843950271606445,20.002050399780277,0.5610000491142273,Correndo,2
-1.227000117301941,5.089950084686279,4.51200008392334,Correndo,2
-1.1989500522613523,4.35705041885376,4.501950263977051,Correndo,2
8.338950157165527,-5.761950492858887,0.2020500153303146,Andando,0
8.052000045776367,3.1080000400543213,-0.0049500004388391,Andando,0
7.858050346374512,-5.865000247955322,0.3169500231742859,Andando,0
12.139050483703612,-0.6720000505447388,-0.9460500478744508,Andando,0
9.991050720214844,-7.981950283050537,-0.4500000178813934,Andando,0
4.489050388336182,-4.342950344085693,-0.9820500612258912,Andando,0
10.65195083618164,-5.698050498962402,-0.400050014257431,Andando,0
13.49595069885254,-0.7339500188827515,-3.388050079345703,Andando,0
10.630050659179688,-2.401050090789795,-0.7380000352859497,Andando,0
16.576051712036133,-1.714050054550171,-3.2440502643585205,Andando,0
-1.0410000085830688,2.770050048828125,14.98905086517334,Caminhando,1
10.744950294494627,6.448050498962402,-0.5460000038146973,Caminhando,1
1.968000054359436,10.743000984191896,14.956050872802734,Caminhando,1
8.044950485229492,10.894050598144531,12.202950477600098,Caminhando,1
0.0,0.2419500052928924,9.636000633239746,Caminhando,1
1.824000120162964,3.948000192642212,16.255950927734375,Caminhando,1
4.116000175476074,-0.9070500135421752,9.223950386047363,Caminhando,1
3.340050220489502,12.28005027770996,10.753950119018556,Caminhando,1
-3.06600022315979,5.047050476074219,8.371950149536133,Caminhando,1
5.63100004196167,5.586000442504883,3.255000114440918,Caminhando,1
19.393951416015625,30.007051467895508,9.009000778198242,Correndo,2
22.711950302124023,29.00895118713379,10.345050811767578,Correndo,2
15.702000617980955,8.788949966430664,10.333050727844238,Correndo,2
-1.4640001058578491,-12.343950271606444,2.6730000972747803,Correndo,2
1.264050006866455,-9.17400074005127,0.2740500271320343,Correndo,2
7.354950428009033,3.718050241470337,-5.043000221252441,Correndo,2
16.915050506591797,16.626001358032227,-5.044950008392334,Correndo,2
13.755001068115234,21.74700164794922,-5.043000221252441,Correndo,2
18.876001358032227,22.13505172729492,-4.465950012207031,Correndo,2
6.235050201416016,5.491950035095215,2.557950019836426,Correndo,2
6.421050071716309,-5.796000480651856,-1.3099501132965088,Andando,0
13.992000579833984,-5.48205041885376,-2.863950252532959,Andando,0
10.630050659179688,-8.901000022888184,-1.6120500564575195,Andando,0
7.231050491333008,-7.16295051574707,-0.3019500076770782,Andando,0
6.12000036239624,-4.383000373840332,-1.5130500793457031,Andando,0
7.4410505294799805,-2.7810001373291016,-2.5069501399993896,Andando,0
14.236050605773926,-1.0290000438690186,-3.409950256347656,Andando,0
13.494000434875488,-4.426050186157227,-0.3520500063896179,Andando,0
12.26805019378662,-5.539950370788574,-3.430950164794922,Andando,0
6.844950199127197,-5.092050075531006,-0.859950065612793,Andando,0
3.02400016784668,6.181950092315674,9.073050498962402,Caminhando,1
-4.753950119018555,9.213000297546388,2.949000120162964,Caminhando,1
9.60300064086914,18.529050827026367,1.5169501304626465,Caminhando,1
-0.5670000314712524,5.025000095367432,20.26395034790039,Caminhando,1
3.181950092315674,6.181950092315674,9.316950798034668,Caminhando,1
4.201950073242188,4.069950103759766,-1.4220000505447388,Caminhando,1
5.680950164794922,12.988950729370115,14.676000595092772,Caminhando,1
5.092950344085693,11.03700065612793,5.10105037689209,Caminhando,1
1.53000009059906,-0.0730499997735023,7.600950241088867,Caminhando,1
0.5959500074386597,-0.9430500268936156,14.166000366210938,Caminhando,1
-0.400950014591217,13.609050750732422,4.01894998550415,Correndo,2
15.535950660705566,14.629050254821776,8.611050605773926,Correndo,2
-1.6870501041412354,-6.178950309753418,8.63700008392334,Correndo,2
0.8640000224113464,-10.122000694274902,-1.6000500917434692,Correndo,2
16.836000442504883,1.822050094604492,-5.671950340270996,Correndo,2
26.28900146484375,13.156050682067873,-5.694000244140625,Correndo,2
24.213001251220703,26.48805046081543,-5.689050197601318,Correndo,2
31.52505111694336,30.12195205688477,-5.683950424194336,Correndo,2
9.265950202941896,10.76400089263916,-2.6770501136779785,Correndo,2
1.6810500621795654,5.665050506591797,-2.374950170516968,Correndo,2
13.165950775146484,-3.175950050354004,-2.505000114440918,Andando,0
13.224000930786133,-4.146000385284424,-1.207050085067749,Andando,0
13.396050453186035,-2.7960002422332764,-1.750050067901611,Andando,0
12.333000183105469,-7.198950290679932,-0.7020000219345093,Andando,0
4.201950073242188,-7.450050354003906,0.1090500056743621,Andando,0
12.93600082397461,1.807050108909607,-2.8350000381469727,Andando,0
9.964950561523438,-3.72195029258728,-1.225950002670288,Andando,0
5.077950477600098,-4.462050437927246,0.6910500526428223,Andando,0
7.089000225067139,-2.2789502143859863,-0.8260500431060791,Andando,0
15.57900047302246,-1.2439500093460083,-1.5919500589370728,Andando,0
3.5050501823425293,1.0030500888824463,14.107950210571287,Caminhando,1
3.630000114440918,4.759950160980225,10.225050926208496,Caminhando,1
2.959050178527832,3.2890501022338867,13.357050895690918,Caminhando,1
-1.2130500078201294,-2.170950174331665,5.934000492095947,Caminhando,1
-2.51295018196106,4.479000091552734,16.02105140686035,Caminhando,1
5.860950469970703,-3.1549501419067383,0.1590000092983245,Caminhando,1
1.1059499979019165,-1.3950001001358032,11.803050994873049,Caminhando,1
2.061000108718872,2.7199501991271973,14.898000717163086,Caminhando,1
6.357000350952148,14.053950309753418,9.41100025177002,Caminhando,1
3.2320501804351807,2.7199501991271973,7.522050380706787,Caminhando,1
-10.579950332641602,1.0600500106811523,-2.39205002784729,Correndo,2
-13.101000785827637,0.3490500152111053,0.3529500067234039,Correndo,2
-11.836950302124023,0.3469500243663788,5.884050369262695,Correndo,2
6.78795051574707,14.362950325012209,6.322050094604492,Correndo,2
22.77705192565918,30.301952362060547,14.683051109313965,Correndo,2
24.70905113220215,23.78700065612793,16.82295036315918,Correndo,2
0.6180000305175781,-3.4420502185821533,9.382050514221191,Correndo,2
12.325950622558594,1.7070001363754272,-2.4469501972198486,Correndo,2
8.878050804138184,23.751001358032227,-7.044000148773193,Correndo,2
-10.117050170898438,3.7680001258850098,0.4420500099658966,Correndo,2
4.567950248718262,-4.174950122833252,-1.0030500888824463,Andando,0
8.23905086517334,-8.772000312805176,-0.2850000262260437,Andando,0
11.779950141906738,-4.62000036239624,-2.074050188064575,Andando,0
9.07200050354004,-4.555950164794922,-2.482950210571289,Andando,0
9.790050506591797,-1.5100500583648682,-2.5669500827789307,Andando,0
7.707000255584717,-0.5400000214576721,-1.9399501085281368,Andando,0
6.6660003662109375,-5.596950054168701,-2.179050207138061,Andando,0
11.284050941467283,-8.506050109863281,-1.606950044631958,Andando,0
12.139050483703612,-1.8379501104354856,0.8940000534057617,Andando,0
16.69500160217285,-0.4969500303268432,-2.3299500942230225,Andando,0
1.3930500745773315,3.589050054550171,10.97700023651123,Caminhando,1
1.0630500316619873,2.382000207901001,5.568000316619873,Caminhando,1
2.4780001640319824,-3.1330502033233643,4.81095027923584,Caminhando,1
5.602050304412842,4.027050018310547,2.278050184249878,Caminhando,1
8.260050773620605,13.92495059967041,-0.9030000567436218,Caminhando,1
-7.138950347900391,3.000000238418579,5.659050464630127,Caminhando,1
3.0810000896453857,1.908000111579895,9.315000534057615,Caminhando,1
5.401050090789795,8.035050392150879,11.42205047607422,Caminhando,1
-4.933950424194336,2.4469501972198486,3.198000192642212,Caminhando,1
6.1050004959106445,-1.0860000848770142,3.930000305175781,Caminhando,1
-0.0780000016093254,10.039050102233888,6.106950283050537,Correndo,2
7.210950374603271,13.558950424194336,6.090000152587891,Correndo,2
8.755949974060059,18.37095069885254,7.621950149536133,Correndo,2
13.755001068115234,21.036001205444336,8.26200008392334,Correndo,2
17.389951705932617,22.09200096130371,8.259000778198242,Correndo,2
15.02595043182373,16.48200035095215,8.242050170898438,Correndo,2
6.076950073242188,-5.797950267791748,4.740000247955322,Correndo,2
2.701050043106079,-9.031050682067873,4.3470001220703125,Correndo,2
-4.25100040435791,-12.118950843811035,4.3660502433776855,Correndo,2
-1.5649501085281372,-11.106000900268556,2.9170501232147217,Correndo,2
16.54905128479004,-3.1549501419067383,-2.703000068664551,Andando,0
7.219050407409668,-6.193050384521484,-0.687000036239624,Andando,0
10.951050758361816,-4.426050186157227,-1.042050004005432,Andando,0
14.832000732421877,-4.540950298309326,-0.6799500584602356,Andando,0
3.0960001945495605,-6.487950325012207,1.366050124168396,Andando,0
5.6670002937316895,-3.487950086593628,-2.0160000324249268,Andando,0
8.338950157165527,-4.978950023651123,-2.562000036239624,Andando,0
9.237000465393066,-6.933000564575195,-1.2570000886917114,Andando,0
5.703000068664551,-6.643050193786621,-0.3550500273704529,Andando,0
14.962050437927246,-1.6819500923156738,-2.641050100326538,Andando,0
6.673050403594971,8.193000793457031,7.111950397491455,Caminhando,1
0.8329500555992126,-0.1600500047206878,8.447999954223633,Caminhando,1
1.683000087738037,3.0430500507354736,4.443000316619873,Caminhando,1
-2.713950157165528,1.4269500970840454,5.854950428009033,Caminhando,1
-1.9309500455856323,5.586000442504883,7.210050106048584,Caminhando,1
2.032950162887573,6.748950481414795,8.556000709533691,Caminhando,1
-5.200050354003906,2.088000059127808,2.794950246810913,Caminhando,1
3.0670502185821533,-2.1060001850128174,6.150000095367432,Caminhando,1
-3.205050230026245,1.921950101852417,12.319951057434082,Caminhando,1
0.7110000252723694,5.550000190734863,7.086000442504883,Caminhando,1
19.321950912475582,25.461000442504883,-2.5380001068115234,Correndo,2
7.111050128936768,15.90000057220459,-0.5149500370025635,Correndo,2
0.1080000028014183,9.75195026397705,-0.1290000081062317,Correndo,2
-1.960050106048584,7.633050441741943,-0.1170000061392784,Correndo,2
1.1350500583648682,7.63800048828125,0.5470499992370605,Correndo,2
4.033950328826904,6.655950546264648,2.7240002155303955,Correndo,2
1.7449500560760498,6.850050449371338,3.1279501914978027,Correndo,2
-0.2719500064849853,8.394000053405762,2.7240002155303955,Correndo,2
2.7870001792907715,11.34600067138672,2.716050148010254,Correndo,2
10.587000846862791,15.547950744628906,2.704050064086914,Correndo,2
6.622050285339356,-8.290950775146484,0.1879500150680542,Andando,0
10.285950660705566,-0.9139500260353088,0.3750000298023224,Andando,0
6.522000312805176,-10.798050880432127,0.1450500041246414,Andando,0
14.65005111694336,1.4770500659942627,-1.810050129890442,Andando,0
13.252050399780272,-2.608950138092041,-1.1539500951766968,Andando,0
7.980000495910644,-3.5500502586364746,0.1879500150680542,Andando,0
10.67400074005127,-0.3030000030994415,-3.049950122833252,Andando,0
5.3460001945495605,-5.26200008392334,-0.6130500435829163,Andando,0
10.273950576782228,-3.793950080871582,-1.6909500360488892,Andando,0
15.595951080322266,1.318950057029724,-0.9580500721931458,Andando,0
2.6430001258850098,5.6569504737854,2.707050085067749,Caminhando,1
-0.6960000395774841,9.091050148010254,5.134950160980225,Caminhando,1
-3.934950113296509,7.174950122833252,7.483050346374512,Caminhando,1
-3.81600022315979,1.0459500551223757,3.8560502529144287,Caminhando,1
4.008000373840332,1.50600004196167,3.8149502277374263,Caminhando,1
4.855050086975098,-1.6390501260757446,8.296950340270996,Caminhando,1
-2.749950170516968,0.7780500650405884,10.725000381469728,Caminhando,1
0.3810000121593475,5.758050441741943,8.599050521850586,Caminhando,1
8.253000259399414,-3.579000234603882,3.5929501056671143,Caminhando,1
5.301000118255615,15.35400104522705,7.348950386047363,Caminhando,1
14.587950706481934,19.858051300048828,3.1399500370025635,Correndo,2
11.184000968933104,16.575000762939453,3.123000144958496,Correndo,2
4.495950222015381,0.7950000166893005,0.906000018119812,Correndo,2
6.1650004386901855,-5.877000331878662,-1.7290500402450562,Correndo,2
7.26900053024292,-10.108050346374512,-2.482950210571289,Correndo,2
5.868000507354736,-9.676950454711914,-5.442000389099121,Correndo,2
21.046051025390625,-1.6819500923156738,-6.928950309753418,Correndo,2
30.03900146484375,16.87005043029785,-6.951000213623047,Correndo,2
22.330951690673828,23.931001663208008,-6.9720001220703125,Correndo,2
11.542950630187988,22.875001907348636,6.802950382232666,Correndo,2
9.294000625610352,-4.62000036239624,-0.8880000710487366,Andando,0
12.61305046081543,0.3280500173568725,-1.9470001459121704,Andando,0
14.143051147460938,-0.6340500116348267,-1.942050099372864,Andando,0
16.699951171875,-3.8520002365112314,-1.6789500713348389,Andando,0
10.882050514221191,-7.4569501876831055,-0.2250000089406967,Andando,0
5.128050327301025,-5.785950183868408,-1.318950057029724,Andando,0
9.733050346374512,-7.291950225830078,-0.8260500431060791,Andando,0
8.986050605773926,-3.3130502700805664,-0.7230000495910645,Andando,0
14.422950744628906,-0.4180500209331512,-2.5960500240325928,Andando,0
9.193950653076172,-4.9270501136779785,-0.8929500579833984,Andando,0
1.3720500469207764,6.103050231933594,6.552000522613525,Caminhando,1
2.7580502033233643,0.3060000240802765,14.41200065612793,Caminhando,1
0.9340500235557556,4.759950160980225,8.968050003051758,Caminhando,1
-3.0949501991271973,5.908950328826904,6.802950382232666,Caminhando,1
11.808000564575195,13.077000617980955,6.372000217437744,Caminhando,1
7.8510003089904785,11.518950462341309,2.946000099182129,Caminhando,1
4.8480000495910645,-0.7410000562667847,6.38700008392334,Caminhando,1
5.337000370025635,13.46505069732666,14.653950691223145,Caminhando,1
0.5029500126838684,2.9350502490997314,11.214000701904297,Caminhando,1
4.876950263977051,7.389000415802002,13.375950813293455,Caminhando,1
-2.5849502086639404,5.880000114440918,6.802950382232666,Correndo,2
-8.28795051574707,0.3420000076293945,6.787050247192383,Correndo,2
-12.670050621032717,-2.974950075149536,6.825000286102295,Correndo,2
-14.185050964355469,-5.784000396728516,6.265050411224365,Correndo,2
-14.185050964355469,-5.8030500411987305,3.68595027923584,Correndo,2
3.037950038909912,17.926050186157227,3.684000253677368,Correndo,2
22.489051818847656,39.95595169067383,6.565950393676758,Correndo,2
15.529050827026367,16.76205062866211,8.07705020904541,Correndo,2
9.115050315856934,7.711950302124023,8.07705020904541,Correndo,2
0.6390000581741333,-8.118000030517578,5.071950435638428,Correndo,2
